contrast,layer,position_order,position,document_index,activation_difference_norm
V0_minus_V4,0,0,embedded_im_start,0,0.0
V0_minus_V4,0,0,embedded_im_start,1,0.0
V0_minus_V4,0,0,embedded_im_start,2,0.0
V0_minus_V4,0,0,embedded_im_start,3,0.0
V0_minus_V4,0,0,embedded_im_start,4,0.0
V0_minus_V4,0,0,embedded_im_start,5,0.0
V0_minus_V4,0,1,role_token,0,2.1708884239196777
V0_minus_V4,0,1,role_token,1,2.1708884239196777
V0_minus_V4,0,1,role_token,2,2.1708884239196777
V0_minus_V4,0,1,role_token,3,2.1708884239196777
V0_minus_V4,0,1,role_token,4,2.1708884239196777
V0_minus_V4,0,1,role_token,5,2.1708884239196777
V0_minus_V4,0,2,post_role_newline,0,0.0
V0_minus_V4,0,2,post_role_newline,1,0.0
V0_minus_V4,0,2,post_role_newline,2,0.0
V0_minus_V4,0,2,post_role_newline,3,0.0
V0_minus_V4,0,2,post_role_newline,4,0.0
V0_minus_V4,0,2,post_role_newline,5,0.0
V0_minus_V4,0,3,command_0_12497,0,0.0
V0_minus_V4,0,3,command_0_12497,1,0.0
V0_minus_V4,0,3,command_0_12497,2,0.0
V0_minus_V4,0,3,command_0_12497,3,0.0
V0_minus_V4,0,3,command_0_12497,4,0.0
V0_minus_V4,0,3,command_0_12497,5,0.0
V0_minus_V4,0,4,command_1_279,0,0.0
V0_minus_V4,0,4,command_1_279,1,0.0
V0_minus_V4,0,4,command_1_279,2,0.0
V0_minus_V4,0,4,command_1_279,3,0.0
V0_minus_V4,0,4,command_1_279,4,0.0
V0_minus_V4,0,4,command_1_279,5,0.0
V0_minus_V4,0,5,command_2_28285,0,0.0
V0_minus_V4,0,5,command_2_28285,1,0.0
V0_minus_V4,0,5,command_2_28285,2,0.0
V0_minus_V4,0,5,command_2_28285,3,0.0
V0_minus_V4,0,5,command_2_28285,4,0.0
V0_minus_V4,0,5,command_2_28285,5,0.0
V0_minus_V4,0,6,command_3_2022,0,0.0
V0_minus_V4,0,6,command_3_2022,1,0.0
V0_minus_V4,0,6,command_3_2022,2,0.0
V0_minus_V4,0,6,command_3_2022,3,0.0
V0_minus_V4,0,6,command_3_2022,4,0.0
V0_minus_V4,0,6,command_3_2022,5,0.0
V0_minus_V4,0,7,command_4_3383,0,0.0
V0_minus_V4,0,7,command_4_3383,1,0.0
V0_minus_V4,0,7,command_4_3383,2,0.0
V0_minus_V4,0,7,command_4_3383,3,0.0
V0_minus_V4,0,7,command_4_3383,4,0.0
V0_minus_V4,0,7,command_4_3383,5,0.0
V0_minus_V4,0,8,command_5_323,0,0.0
V0_minus_V4,0,8,command_5_323,1,0.0
V0_minus_V4,0,8,command_5_323,2,0.0
V0_minus_V4,0,8,command_5_323,3,0.0
V0_minus_V4,0,8,command_5_323,4,0.0
V0_minus_V4,0,8,command_5_323,5,0.0
V0_minus_V4,0,9,command_6_2550,0,0.0
V0_minus_V4,0,9,command_6_2550,1,0.0
V0_minus_V4,0,9,command_6_2550,2,0.0
V0_minus_V4,0,9,command_6_2550,3,0.0
V0_minus_V4,0,9,command_6_2550,4,0.0
V0_minus_V4,0,9,command_6_2550,5,0.0
V0_minus_V4,0,10,command_7_6896,0,0.0
V0_minus_V4,0,10,command_7_6896,1,0.0
V0_minus_V4,0,10,command_7_6896,2,0.0
V0_minus_V4,0,10,command_7_6896,3,0.0
V0_minus_V4,0,10,command_7_6896,4,0.0
V0_minus_V4,0,10,command_7_6896,5,0.0
V0_minus_V4,0,11,embedded_im_end_marker_confounded,0,0.0
V0_minus_V4,0,11,embedded_im_end_marker_confounded,1,0.0
V0_minus_V4,0,11,embedded_im_end_marker_confounded,2,0.0
V0_minus_V4,0,11,embedded_im_end_marker_confounded,3,0.0
V0_minus_V4,0,11,embedded_im_end_marker_confounded,4,0.0
V0_minus_V4,0,11,embedded_im_end_marker_confounded,5,0.0
V0_minus_V4,1,0,embedded_im_start,0,0.0
V0_minus_V4,1,0,embedded_im_start,1,0.0
V0_minus_V4,1,0,embedded_im_start,2,0.0
V0_minus_V4,1,0,embedded_im_start,3,0.0
V0_minus_V4,1,0,embedded_im_start,4,0.0
V0_minus_V4,1,0,embedded_im_start,5,0.0
V0_minus_V4,1,1,role_token,0,5.371122360229492
V0_minus_V4,1,1,role_token,1,5.532278537750244
V0_minus_V4,1,1,role_token,2,5.536729335784912
V0_minus_V4,1,1,role_token,3,5.567152976989746
V0_minus_V4,1,1,role_token,4,5.7273945808410645
V0_minus_V4,1,1,role_token,5,5.484326362609863
V0_minus_V4,1,2,post_role_newline,0,0.7394279837608337
V0_minus_V4,1,2,post_role_newline,1,0.7333098649978638
V0_minus_V4,1,2,post_role_newline,2,0.726463258266449
V0_minus_V4,1,2,post_role_newline,3,0.7172467708587646
V0_minus_V4,1,2,post_role_newline,4,0.718788743019104
V0_minus_V4,1,2,post_role_newline,5,0.7232963442802429
V0_minus_V4,1,3,command_0_12497,0,2.045632839202881
V0_minus_V4,1,3,command_0_12497,1,1.9878851175308228
V0_minus_V4,1,3,command_0_12497,2,1.9981845617294312
V0_minus_V4,1,3,command_0_12497,3,2.024711847305298
V0_minus_V4,1,3,command_0_12497,4,1.8351949453353882
V0_minus_V4,1,3,command_0_12497,5,1.9178800582885742
V0_minus_V4,1,4,command_1_279,0,0.1302611380815506
V0_minus_V4,1,4,command_1_279,1,0.11653853952884674
V0_minus_V4,1,4,command_1_279,2,0.14163967967033386
V0_minus_V4,1,4,command_1_279,3,0.1587044596672058
V0_minus_V4,1,4,command_1_279,4,0.15471844375133514
V0_minus_V4,1,4,command_1_279,5,0.13957828283309937
V0_minus_V4,1,5,command_2_28285,0,0.3913896977901459
V0_minus_V4,1,5,command_2_28285,1,0.35960742831230164
V0_minus_V4,1,5,command_2_28285,2,0.40230506658554077
V0_minus_V4,1,5,command_2_28285,3,0.4327223002910614
V0_minus_V4,1,5,command_2_28285,4,0.39162275195121765
V0_minus_V4,1,5,command_2_28285,5,0.40088099241256714
V0_minus_V4,1,6,command_3_2022,0,0.2702701687812805
V0_minus_V4,1,6,command_3_2022,1,0.27502188086509705
V0_minus_V4,1,6,command_3_2022,2,0.255710631608963
V0_minus_V4,1,6,command_3_2022,3,0.274129718542099
V0_minus_V4,1,6,command_3_2022,4,0.2406223863363266
V0_minus_V4,1,6,command_3_2022,5,0.26654717326164246
V0_minus_V4,1,7,command_4_3383,0,0.12581181526184082
V0_minus_V4,1,7,command_4_3383,1,0.11831118911504745
V0_minus_V4,1,7,command_4_3383,2,0.16189080476760864
V0_minus_V4,1,7,command_4_3383,3,0.12141717970371246
V0_minus_V4,1,7,command_4_3383,4,0.15347638726234436
V0_minus_V4,1,7,command_4_3383,5,0.11734411865472794
V0_minus_V4,1,8,command_5_323,0,0.0660635232925415
V0_minus_V4,1,8,command_5_323,1,0.06653039157390594
V0_minus_V4,1,8,command_5_323,2,0.05508759990334511
V0_minus_V4,1,8,command_5_323,3,0.05789549648761749
V0_minus_V4,1,8,command_5_323,4,0.05617189779877663
V0_minus_V4,1,8,command_5_323,5,0.05612850561738014
V0_minus_V4,1,9,command_6_2550,0,0.11755063384771347
V0_minus_V4,1,9,command_6_2550,1,0.11339189112186432
V0_minus_V4,1,9,command_6_2550,2,0.10922871530056
V0_minus_V4,1,9,command_6_2550,3,0.1368977129459381
V0_minus_V4,1,9,command_6_2550,4,0.10007449239492416
V0_minus_V4,1,9,command_6_2550,5,0.10571235418319702
V0_minus_V4,1,10,command_7_6896,0,0.1325497329235077
V0_minus_V4,1,10,command_7_6896,1,0.07459495216608047
V0_minus_V4,1,10,command_7_6896,2,0.1760447472333908
V0_minus_V4,1,10,command_7_6896,3,0.07782141119241714
V0_minus_V4,1,10,command_7_6896,4,0.07138662040233612
V0_minus_V4,1,10,command_7_6896,5,0.0766693726181984
V0_minus_V4,1,11,embedded_im_end_marker_confounded,0,0.8202954530715942
V0_minus_V4,1,11,embedded_im_end_marker_confounded,1,0.7588845491409302
V0_minus_V4,1,11,embedded_im_end_marker_confounded,2,0.602695107460022
V0_minus_V4,1,11,embedded_im_end_marker_confounded,3,0.7126900553703308
V0_minus_V4,1,11,embedded_im_end_marker_confounded,4,0.40738606452941895
V0_minus_V4,1,11,embedded_im_end_marker_confounded,5,0.8489726781845093
V0_minus_V4,2,0,embedded_im_start,0,0.0
V0_minus_V4,2,0,embedded_im_start,1,0.0
V0_minus_V4,2,0,embedded_im_start,2,0.0
V0_minus_V4,2,0,embedded_im_start,3,0.0
V0_minus_V4,2,0,embedded_im_start,4,0.0
V0_minus_V4,2,0,embedded_im_start,5,0.0
V0_minus_V4,2,1,role_token,0,6.126986503601074
V0_minus_V4,2,1,role_token,1,6.336328983306885
V0_minus_V4,2,1,role_token,2,6.22601842880249
V0_minus_V4,2,1,role_token,3,6.445464134216309
V0_minus_V4,2,1,role_token,4,6.512834072113037
V0_minus_V4,2,1,role_token,5,6.214640140533447
V0_minus_V4,2,2,post_role_newline,0,1.6297470331192017
V0_minus_V4,2,2,post_role_newline,1,1.8076567649841309
V0_minus_V4,2,2,post_role_newline,2,1.7782464027404785
V0_minus_V4,2,2,post_role_newline,3,1.887510061264038
V0_minus_V4,2,2,post_role_newline,4,2.129427909851074
V0_minus_V4,2,2,post_role_newline,5,1.7707661390304565
V0_minus_V4,2,3,command_0_12497,0,2.376267910003662
V0_minus_V4,2,3,command_0_12497,1,2.3722996711730957
V0_minus_V4,2,3,command_0_12497,2,2.2651455402374268
V0_minus_V4,2,3,command_0_12497,3,2.3392016887664795
V0_minus_V4,2,3,command_0_12497,4,2.1392714977264404
V0_minus_V4,2,3,command_0_12497,5,2.241333484649658
V0_minus_V4,2,4,command_1_279,0,0.4277527630329132
V0_minus_V4,2,4,command_1_279,1,0.438608318567276
V0_minus_V4,2,4,command_1_279,2,0.4331704080104828
V0_minus_V4,2,4,command_1_279,3,0.4331546425819397
V0_minus_V4,2,4,command_1_279,4,0.4901961088180542
V0_minus_V4,2,4,command_1_279,5,0.40746188163757324
V0_minus_V4,2,5,command_2_28285,0,0.5482962131500244
V0_minus_V4,2,5,command_2_28285,1,0.5160431861877441
V0_minus_V4,2,5,command_2_28285,2,0.526641845703125
V0_minus_V4,2,5,command_2_28285,3,0.5829392671585083
V0_minus_V4,2,5,command_2_28285,4,0.5372065901756287
V0_minus_V4,2,5,command_2_28285,5,0.5535939335823059
V0_minus_V4,2,6,command_3_2022,0,0.3947930634021759
V0_minus_V4,2,6,command_3_2022,1,0.40999385714530945
V0_minus_V4,2,6,command_3_2022,2,0.38200870156288147
V0_minus_V4,2,6,command_3_2022,3,0.4151906967163086
V0_minus_V4,2,6,command_3_2022,4,0.3748885989189148
V0_minus_V4,2,6,command_3_2022,5,0.4004170000553131
V0_minus_V4,2,7,command_4_3383,0,0.3789334297180176
V0_minus_V4,2,7,command_4_3383,1,0.40279293060302734
V0_minus_V4,2,7,command_4_3383,2,0.3869750201702118
V0_minus_V4,2,7,command_4_3383,3,0.3617313504219055
V0_minus_V4,2,7,command_4_3383,4,0.4434680640697479
V0_minus_V4,2,7,command_4_3383,5,0.4040212035179138
V0_minus_V4,2,8,command_5_323,0,0.24438917636871338
V0_minus_V4,2,8,command_5_323,1,0.26049864292144775
V0_minus_V4,2,8,command_5_323,2,0.22802679240703583
V0_minus_V4,2,8,command_5_323,3,0.24990282952785492
V0_minus_V4,2,8,command_5_323,4,0.24680253863334656
V0_minus_V4,2,8,command_5_323,5,0.23973752558231354
V0_minus_V4,2,9,command_6_2550,0,0.22329081594944
V0_minus_V4,2,9,command_6_2550,1,0.24041016399860382
V0_minus_V4,2,9,command_6_2550,2,0.22603225708007812
V0_minus_V4,2,9,command_6_2550,3,0.27811768651008606
V0_minus_V4,2,9,command_6_2550,4,0.22701811790466309
V0_minus_V4,2,9,command_6_2550,5,0.22736768424510956
V0_minus_V4,2,10,command_7_6896,0,0.2214948982000351
V0_minus_V4,2,10,command_7_6896,1,0.2104598432779312
V0_minus_V4,2,10,command_7_6896,2,0.24914060533046722
V0_minus_V4,2,10,command_7_6896,3,0.22659577429294586
V0_minus_V4,2,10,command_7_6896,4,0.21027301251888275
V0_minus_V4,2,10,command_7_6896,5,0.23140312731266022
V0_minus_V4,2,11,embedded_im_end_marker_confounded,0,1.0455073118209839
V0_minus_V4,2,11,embedded_im_end_marker_confounded,1,0.8865626454353333
V0_minus_V4,2,11,embedded_im_end_marker_confounded,2,0.7718560695648193
V0_minus_V4,2,11,embedded_im_end_marker_confounded,3,0.8536460399627686
V0_minus_V4,2,11,embedded_im_end_marker_confounded,4,0.5339972376823425
V0_minus_V4,2,11,embedded_im_end_marker_confounded,5,1.035736083984375
V0_minus_V4,3,0,embedded_im_start,0,0.0
V0_minus_V4,3,0,embedded_im_start,1,0.0
V0_minus_V4,3,0,embedded_im_start,2,0.0
V0_minus_V4,3,0,embedded_im_start,3,0.0
V0_minus_V4,3,0,embedded_im_start,4,0.0
V0_minus_V4,3,0,embedded_im_start,5,0.0
V0_minus_V4,3,1,role_token,0,7.090503692626953
V0_minus_V4,3,1,role_token,1,7.334962368011475
V0_minus_V4,3,1,role_token,2,7.130838871002197
V0_minus_V4,3,1,role_token,3,7.388852596282959
V0_minus_V4,3,1,role_token,4,7.477339744567871
V0_minus_V4,3,1,role_token,5,7.098755359649658
V0_minus_V4,3,2,post_role_newline,0,2.019604444503784
V0_minus_V4,3,2,post_role_newline,1,2.2104294300079346
V0_minus_V4,3,2,post_role_newline,2,2.1742889881134033
V0_minus_V4,3,2,post_role_newline,3,2.303738594055176
V0_minus_V4,3,2,post_role_newline,4,2.5656497478485107
V0_minus_V4,3,2,post_role_newline,5,2.157247543334961
V0_minus_V4,3,3,command_0_12497,0,2.754234552383423
V0_minus_V4,3,3,command_0_12497,1,2.779585599899292
V0_minus_V4,3,3,command_0_12497,2,2.7187533378601074
V0_minus_V4,3,3,command_0_12497,3,2.7983734607696533
V0_minus_V4,3,3,command_0_12497,4,2.7361490726470947
V0_minus_V4,3,3,command_0_12497,5,2.6630959510803223
V0_minus_V4,3,4,command_1_279,0,0.7304173707962036
V0_minus_V4,3,4,command_1_279,1,0.733525812625885
V0_minus_V4,3,4,command_1_279,2,0.647310197353363
V0_minus_V4,3,4,command_1_279,3,0.7200130224227905
V0_minus_V4,3,4,command_1_279,4,0.6407482028007507
V0_minus_V4,3,4,command_1_279,5,0.7096956968307495
V0_minus_V4,3,5,command_2_28285,0,0.7282437086105347
V0_minus_V4,3,5,command_2_28285,1,0.7388842701911926
V0_minus_V4,3,5,command_2_28285,2,0.7518681287765503
V0_minus_V4,3,5,command_2_28285,3,0.7867701053619385
V0_minus_V4,3,5,command_2_28285,4,0.8026184439659119
V0_minus_V4,3,5,command_2_28285,5,0.7700585722923279
V0_minus_V4,3,6,command_3_2022,0,0.8668268918991089
V0_minus_V4,3,6,command_3_2022,1,0.8623723983764648
V0_minus_V4,3,6,command_3_2022,2,0.8753826022148132
V0_minus_V4,3,6,command_3_2022,3,0.8851459622383118
V0_minus_V4,3,6,command_3_2022,4,0.9008861780166626
V0_minus_V4,3,6,command_3_2022,5,0.9013586640357971
V0_minus_V4,3,7,command_4_3383,0,0.714762270450592
V0_minus_V4,3,7,command_4_3383,1,0.7655996084213257
V0_minus_V4,3,7,command_4_3383,2,0.744848370552063
V0_minus_V4,3,7,command_4_3383,3,0.7414292693138123
V0_minus_V4,3,7,command_4_3383,4,0.8268770575523376
V0_minus_V4,3,7,command_4_3383,5,0.7615622282028198
V0_minus_V4,3,8,command_5_323,0,0.5848069787025452
V0_minus_V4,3,8,command_5_323,1,0.6332937479019165
V0_minus_V4,3,8,command_5_323,2,0.6089968085289001
V0_minus_V4,3,8,command_5_323,3,0.6382806301116943
V0_minus_V4,3,8,command_5_323,4,0.6822080016136169
V0_minus_V4,3,8,command_5_323,5,0.6094509959220886
V0_minus_V4,3,9,command_6_2550,0,0.5445577502250671
V0_minus_V4,3,9,command_6_2550,1,0.6146051287651062
V0_minus_V4,3,9,command_6_2550,2,0.6008774042129517
V0_minus_V4,3,9,command_6_2550,3,0.5825616121292114
V0_minus_V4,3,9,command_6_2550,4,0.6006290316581726
V0_minus_V4,3,9,command_6_2550,5,0.5824413299560547
V0_minus_V4,3,10,command_7_6896,0,0.4040972888469696
V0_minus_V4,3,10,command_7_6896,1,0.4288080334663391
V0_minus_V4,3,10,command_7_6896,2,0.4751385748386383
V0_minus_V4,3,10,command_7_6896,3,0.44383153319358826
V0_minus_V4,3,10,command_7_6896,4,0.46748387813568115
V0_minus_V4,3,10,command_7_6896,5,0.4399697780609131
V0_minus_V4,3,11,embedded_im_end_marker_confounded,0,1.219666838645935
V0_minus_V4,3,11,embedded_im_end_marker_confounded,1,1.0133644342422485
V0_minus_V4,3,11,embedded_im_end_marker_confounded,2,0.9181875586509705
V0_minus_V4,3,11,embedded_im_end_marker_confounded,3,0.9929859638214111
V0_minus_V4,3,11,embedded_im_end_marker_confounded,4,0.7149531245231628
V0_minus_V4,3,11,embedded_im_end_marker_confounded,5,1.2216624021530151
V0_minus_V4,4,0,embedded_im_start,0,0.0
V0_minus_V4,4,0,embedded_im_start,1,0.0
V0_minus_V4,4,0,embedded_im_start,2,0.0
V0_minus_V4,4,0,embedded_im_start,3,0.0
V0_minus_V4,4,0,embedded_im_start,4,0.0
V0_minus_V4,4,0,embedded_im_start,5,0.0
V0_minus_V4,4,1,role_token,0,9.557920455932617
V0_minus_V4,4,1,role_token,1,9.91104507446289
V0_minus_V4,4,1,role_token,2,9.573594093322754
V0_minus_V4,4,1,role_token,3,9.983651161193848
V0_minus_V4,4,1,role_token,4,9.88585090637207
V0_minus_V4,4,1,role_token,5,9.692167282104492
V0_minus_V4,4,2,post_role_newline,0,2.715350866317749
V0_minus_V4,4,2,post_role_newline,1,2.9067418575286865
V0_minus_V4,4,2,post_role_newline,2,2.802426815032959
V0_minus_V4,4,2,post_role_newline,3,2.9265189170837402
V0_minus_V4,4,2,post_role_newline,4,3.1777446269989014
V0_minus_V4,4,2,post_role_newline,5,2.7811224460601807
V0_minus_V4,4,3,command_0_12497,0,3.381335973739624
V0_minus_V4,4,3,command_0_12497,1,3.3997726440429688
V0_minus_V4,4,3,command_0_12497,2,3.3651905059814453
V0_minus_V4,4,3,command_0_12497,3,3.4378933906555176
V0_minus_V4,4,3,command_0_12497,4,3.2612781524658203
V0_minus_V4,4,3,command_0_12497,5,3.3030014038085938
V0_minus_V4,4,4,command_1_279,0,0.9423345327377319
V0_minus_V4,4,4,command_1_279,1,0.9501104950904846
V0_minus_V4,4,4,command_1_279,2,0.8935543298721313
V0_minus_V4,4,4,command_1_279,3,0.9479031562805176
V0_minus_V4,4,4,command_1_279,4,0.8552007675170898
V0_minus_V4,4,4,command_1_279,5,0.9324935674667358
V0_minus_V4,4,5,command_2_28285,0,0.9389148354530334
V0_minus_V4,4,5,command_2_28285,1,0.9676477313041687
V0_minus_V4,4,5,command_2_28285,2,0.9698529839515686
V0_minus_V4,4,5,command_2_28285,3,0.9883005023002625
V0_minus_V4,4,5,command_2_28285,4,1.0081034898757935
V0_minus_V4,4,5,command_2_28285,5,0.9935002326965332
V0_minus_V4,4,6,command_3_2022,0,1.1725609302520752
V0_minus_V4,4,6,command_3_2022,1,1.1504687070846558
V0_minus_V4,4,6,command_3_2022,2,1.0792567729949951
V0_minus_V4,4,6,command_3_2022,3,1.1791436672210693
V0_minus_V4,4,6,command_3_2022,4,1.115356206893921
V0_minus_V4,4,6,command_3_2022,5,1.1809767484664917
V0_minus_V4,4,7,command_4_3383,0,0.8513702154159546
V0_minus_V4,4,7,command_4_3383,1,0.9175087213516235
V0_minus_V4,4,7,command_4_3383,2,0.8946746587753296
V0_minus_V4,4,7,command_4_3383,3,0.8954175710678101
V0_minus_V4,4,7,command_4_3383,4,0.976837158203125
V0_minus_V4,4,7,command_4_3383,5,0.8943197131156921
V0_minus_V4,4,8,command_5_323,0,0.8962394595146179
V0_minus_V4,4,8,command_5_323,1,0.9167941808700562
V0_minus_V4,4,8,command_5_323,2,0.8835235238075256
V0_minus_V4,4,8,command_5_323,3,0.9090722799301147
V0_minus_V4,4,8,command_5_323,4,1.0188556909561157
V0_minus_V4,4,8,command_5_323,5,0.8922159671783447
V0_minus_V4,4,9,command_6_2550,0,0.7489282488822937
V0_minus_V4,4,9,command_6_2550,1,0.8501536846160889
V0_minus_V4,4,9,command_6_2550,2,0.8077086806297302
V0_minus_V4,4,9,command_6_2550,3,0.7951411604881287
V0_minus_V4,4,9,command_6_2550,4,0.8159069418907166
V0_minus_V4,4,9,command_6_2550,5,0.7693981528282166
V0_minus_V4,4,10,command_7_6896,0,0.5572930574417114
V0_minus_V4,4,10,command_7_6896,1,0.6025579571723938
V0_minus_V4,4,10,command_7_6896,2,0.6215874552726746
V0_minus_V4,4,10,command_7_6896,3,0.6032013893127441
V0_minus_V4,4,10,command_7_6896,4,0.6801252365112305
V0_minus_V4,4,10,command_7_6896,5,0.6026564240455627
V0_minus_V4,4,11,embedded_im_end_marker_confounded,0,1.491464614868164
V0_minus_V4,4,11,embedded_im_end_marker_confounded,1,1.4126007556915283
V0_minus_V4,4,11,embedded_im_end_marker_confounded,2,1.2651770114898682
V0_minus_V4,4,11,embedded_im_end_marker_confounded,3,1.3492928743362427
V0_minus_V4,4,11,embedded_im_end_marker_confounded,4,1.0252468585968018
V0_minus_V4,4,11,embedded_im_end_marker_confounded,5,1.5120623111724854
V0_minus_V4,5,0,embedded_im_start,0,0.0
V0_minus_V4,5,0,embedded_im_start,1,0.0
V0_minus_V4,5,0,embedded_im_start,2,0.0
V0_minus_V4,5,0,embedded_im_start,3,0.0
V0_minus_V4,5,0,embedded_im_start,4,0.0
V0_minus_V4,5,0,embedded_im_start,5,0.0
V0_minus_V4,5,1,role_token,0,12.84752368927002
V0_minus_V4,5,1,role_token,1,13.113295555114746
V0_minus_V4,5,1,role_token,2,13.262612342834473
V0_minus_V4,5,1,role_token,3,13.203414916992188
V0_minus_V4,5,1,role_token,4,13.211261749267578
V0_minus_V4,5,1,role_token,5,12.9042329788208
V0_minus_V4,5,2,post_role_newline,0,4.384705066680908
V0_minus_V4,5,2,post_role_newline,1,4.657573699951172
V0_minus_V4,5,2,post_role_newline,2,4.539763450622559
V0_minus_V4,5,2,post_role_newline,3,4.529737949371338
V0_minus_V4,5,2,post_role_newline,4,4.855870723724365
V0_minus_V4,5,2,post_role_newline,5,4.368457317352295
V0_minus_V4,5,3,command_0_12497,0,4.463536739349365
V0_minus_V4,5,3,command_0_12497,1,4.398479461669922
V0_minus_V4,5,3,command_0_12497,2,4.5459418296813965
V0_minus_V4,5,3,command_0_12497,3,4.75141716003418
V0_minus_V4,5,3,command_0_12497,4,4.557697296142578
V0_minus_V4,5,3,command_0_12497,5,4.711073875427246
V0_minus_V4,5,4,command_1_279,0,1.090189814567566
V0_minus_V4,5,4,command_1_279,1,1.112752914428711
V0_minus_V4,5,4,command_1_279,2,1.1283087730407715
V0_minus_V4,5,4,command_1_279,3,1.177944540977478
V0_minus_V4,5,4,command_1_279,4,1.085601568222046
V0_minus_V4,5,4,command_1_279,5,1.1010775566101074
V0_minus_V4,5,5,command_2_28285,0,1.3110649585723877
V0_minus_V4,5,5,command_2_28285,1,1.3148139715194702
V0_minus_V4,5,5,command_2_28285,2,1.3576021194458008
V0_minus_V4,5,5,command_2_28285,3,1.4141987562179565
V0_minus_V4,5,5,command_2_28285,4,1.4003214836120605
V0_minus_V4,5,5,command_2_28285,5,1.3512941598892212
V0_minus_V4,5,6,command_3_2022,0,1.7435303926467896
V0_minus_V4,5,6,command_3_2022,1,1.794815182685852
V0_minus_V4,5,6,command_3_2022,2,1.7360119819641113
V0_minus_V4,5,6,command_3_2022,3,1.956630825996399
V0_minus_V4,5,6,command_3_2022,4,1.7366535663604736
V0_minus_V4,5,6,command_3_2022,5,1.8292582035064697
V0_minus_V4,5,7,command_4_3383,0,1.1793763637542725
V0_minus_V4,5,7,command_4_3383,1,1.216417670249939
V0_minus_V4,5,7,command_4_3383,2,1.237937569618225
V0_minus_V4,5,7,command_4_3383,3,1.3022767305374146
V0_minus_V4,5,7,command_4_3383,4,1.2489863634109497
V0_minus_V4,5,7,command_4_3383,5,1.2422667741775513
V0_minus_V4,5,8,command_5_323,0,1.122219204902649
V0_minus_V4,5,8,command_5_323,1,1.090880036354065
V0_minus_V4,5,8,command_5_323,2,1.1093472242355347
V0_minus_V4,5,8,command_5_323,3,1.1401386260986328
V0_minus_V4,5,8,command_5_323,4,1.2177377939224243
V0_minus_V4,5,8,command_5_323,5,1.0802104473114014
V0_minus_V4,5,9,command_6_2550,0,1.6836968660354614
V0_minus_V4,5,9,command_6_2550,1,1.6589683294296265
V0_minus_V4,5,9,command_6_2550,2,1.6226768493652344
V0_minus_V4,5,9,command_6_2550,3,1.8730558156967163
V0_minus_V4,5,9,command_6_2550,4,1.870995044708252
V0_minus_V4,5,9,command_6_2550,5,1.7963727712631226
V0_minus_V4,5,10,command_7_6896,0,0.7534271478652954
V0_minus_V4,5,10,command_7_6896,1,0.8117650151252747
V0_minus_V4,5,10,command_7_6896,2,0.8177736401557922
V0_minus_V4,5,10,command_7_6896,3,0.8210216164588928
V0_minus_V4,5,10,command_7_6896,4,0.8813295364379883
V0_minus_V4,5,10,command_7_6896,5,0.7933059334754944
V0_minus_V4,5,11,embedded_im_end_marker_confounded,0,1.995667576789856
V0_minus_V4,5,11,embedded_im_end_marker_confounded,1,1.9747779369354248
V0_minus_V4,5,11,embedded_im_end_marker_confounded,2,1.7754242420196533
V0_minus_V4,5,11,embedded_im_end_marker_confounded,3,1.7600164413452148
V0_minus_V4,5,11,embedded_im_end_marker_confounded,4,1.529661774635315
V0_minus_V4,5,11,embedded_im_end_marker_confounded,5,2.0483784675598145
V0_minus_V4,6,0,embedded_im_start,0,0.0
V0_minus_V4,6,0,embedded_im_start,1,0.0
V0_minus_V4,6,0,embedded_im_start,2,0.0
V0_minus_V4,6,0,embedded_im_start,3,0.0
V0_minus_V4,6,0,embedded_im_start,4,0.0
V0_minus_V4,6,0,embedded_im_start,5,0.0
V0_minus_V4,6,1,role_token,0,15.489344596862793
V0_minus_V4,6,1,role_token,1,15.720179557800293
V0_minus_V4,6,1,role_token,2,16.008790969848633
V0_minus_V4,6,1,role_token,3,15.681468963623047
V0_minus_V4,6,1,role_token,4,15.873747825622559
V0_minus_V4,6,1,role_token,5,15.587867736816406
V0_minus_V4,6,2,post_role_newline,0,5.663907051086426
V0_minus_V4,6,2,post_role_newline,1,5.855861663818359
V0_minus_V4,6,2,post_role_newline,2,6.039790630340576
V0_minus_V4,6,2,post_role_newline,3,5.749921798706055
V0_minus_V4,6,2,post_role_newline,4,6.099742412567139
V0_minus_V4,6,2,post_role_newline,5,5.586752891540527
V0_minus_V4,6,3,command_0_12497,0,5.77904748916626
V0_minus_V4,6,3,command_0_12497,1,5.783871650695801
V0_minus_V4,6,3,command_0_12497,2,6.118040561676025
V0_minus_V4,6,3,command_0_12497,3,6.040157318115234
V0_minus_V4,6,3,command_0_12497,4,5.971569538116455
V0_minus_V4,6,3,command_0_12497,5,6.078307151794434
V0_minus_V4,6,4,command_1_279,0,1.583935022354126
V0_minus_V4,6,4,command_1_279,1,1.5961309671401978
V0_minus_V4,6,4,command_1_279,2,1.7088862657546997
V0_minus_V4,6,4,command_1_279,3,1.706044316291809
V0_minus_V4,6,4,command_1_279,4,1.617769718170166
V0_minus_V4,6,4,command_1_279,5,1.6068670749664307
V0_minus_V4,6,5,command_2_28285,0,1.5243250131607056
V0_minus_V4,6,5,command_2_28285,1,1.6024309396743774
V0_minus_V4,6,5,command_2_28285,2,1.6020605564117432
V0_minus_V4,6,5,command_2_28285,3,1.7137537002563477
V0_minus_V4,6,5,command_2_28285,4,1.6580888032913208
V0_minus_V4,6,5,command_2_28285,5,1.5780508518218994
V0_minus_V4,6,6,command_3_2022,0,2.148815393447876
V0_minus_V4,6,6,command_3_2022,1,2.2534549236297607
V0_minus_V4,6,6,command_3_2022,2,2.1738154888153076
V0_minus_V4,6,6,command_3_2022,3,2.5327131748199463
V0_minus_V4,6,6,command_3_2022,4,2.1799192428588867
V0_minus_V4,6,6,command_3_2022,5,2.2451601028442383
V0_minus_V4,6,7,command_4_3383,0,1.5366830825805664
V0_minus_V4,6,7,command_4_3383,1,1.6345568895339966
V0_minus_V4,6,7,command_4_3383,2,1.6911711692810059
V0_minus_V4,6,7,command_4_3383,3,1.728416085243225
V0_minus_V4,6,7,command_4_3383,4,1.6555302143096924
V0_minus_V4,6,7,command_4_3383,5,1.6872751712799072
V0_minus_V4,6,8,command_5_323,0,1.6493576765060425
V0_minus_V4,6,8,command_5_323,1,1.6442866325378418
V0_minus_V4,6,8,command_5_323,2,1.7971757650375366
V0_minus_V4,6,8,command_5_323,3,1.757614016532898
V0_minus_V4,6,8,command_5_323,4,1.8110255002975464
V0_minus_V4,6,8,command_5_323,5,1.7471165657043457
V0_minus_V4,6,9,command_6_2550,0,2.2797157764434814
V0_minus_V4,6,9,command_6_2550,1,2.313636541366577
V0_minus_V4,6,9,command_6_2550,2,2.248065948486328
V0_minus_V4,6,9,command_6_2550,3,2.4960720539093018
V0_minus_V4,6,9,command_6_2550,4,2.6350393295288086
V0_minus_V4,6,9,command_6_2550,5,2.524080514907837
V0_minus_V4,6,10,command_7_6896,0,1.0702648162841797
V0_minus_V4,6,10,command_7_6896,1,1.1519263982772827
V0_minus_V4,6,10,command_7_6896,2,1.1374832391738892
V0_minus_V4,6,10,command_7_6896,3,1.1347731351852417
V0_minus_V4,6,10,command_7_6896,4,1.2027852535247803
V0_minus_V4,6,10,command_7_6896,5,1.1079202890396118
V0_minus_V4,6,11,embedded_im_end_marker_confounded,0,2.6842780113220215
V0_minus_V4,6,11,embedded_im_end_marker_confounded,1,2.5623769760131836
V0_minus_V4,6,11,embedded_im_end_marker_confounded,2,2.4302215576171875
V0_minus_V4,6,11,embedded_im_end_marker_confounded,3,2.3396217823028564
V0_minus_V4,6,11,embedded_im_end_marker_confounded,4,2.2740488052368164
V0_minus_V4,6,11,embedded_im_end_marker_confounded,5,2.7250380516052246
V0_minus_V4,7,0,embedded_im_start,0,0.0
V0_minus_V4,7,0,embedded_im_start,1,0.0
V0_minus_V4,7,0,embedded_im_start,2,0.0
V0_minus_V4,7,0,embedded_im_start,3,0.0
V0_minus_V4,7,0,embedded_im_start,4,0.0
V0_minus_V4,7,0,embedded_im_start,5,0.0
V0_minus_V4,7,1,role_token,0,18.337528228759766
V0_minus_V4,7,1,role_token,1,18.608814239501953
V0_minus_V4,7,1,role_token,2,18.87721061706543
V0_minus_V4,7,1,role_token,3,18.352067947387695
V0_minus_V4,7,1,role_token,4,18.921445846557617
V0_minus_V4,7,1,role_token,5,18.417842864990234
V0_minus_V4,7,2,post_role_newline,0,9.655917167663574
V0_minus_V4,7,2,post_role_newline,1,9.833867073059082
V0_minus_V4,7,2,post_role_newline,2,10.615082740783691
V0_minus_V4,7,2,post_role_newline,3,9.420040130615234
V0_minus_V4,7,2,post_role_newline,4,10.00562572479248
V0_minus_V4,7,2,post_role_newline,5,9.359436988830566
V0_minus_V4,7,3,command_0_12497,0,7.801976203918457
V0_minus_V4,7,3,command_0_12497,1,7.6382365226745605
V0_minus_V4,7,3,command_0_12497,2,8.726378440856934
V0_minus_V4,7,3,command_0_12497,3,7.718831539154053
V0_minus_V4,7,3,command_0_12497,4,7.971559524536133
V0_minus_V4,7,3,command_0_12497,5,8.051701545715332
V0_minus_V4,7,4,command_1_279,0,2.095690965652466
V0_minus_V4,7,4,command_1_279,1,2.107525110244751
V0_minus_V4,7,4,command_1_279,2,2.3324787616729736
V0_minus_V4,7,4,command_1_279,3,2.3914401531219482
V0_minus_V4,7,4,command_1_279,4,2.2213919162750244
V0_minus_V4,7,4,command_1_279,5,2.279118537902832
V0_minus_V4,7,5,command_2_28285,0,1.6318186521530151
V0_minus_V4,7,5,command_2_28285,1,1.7045726776123047
V0_minus_V4,7,5,command_2_28285,2,1.7056570053100586
V0_minus_V4,7,5,command_2_28285,3,1.8834807872772217
V0_minus_V4,7,5,command_2_28285,4,1.771332859992981
V0_minus_V4,7,5,command_2_28285,5,1.7124642133712769
V0_minus_V4,7,6,command_3_2022,0,2.395768404006958
V0_minus_V4,7,6,command_3_2022,1,2.490964412689209
V0_minus_V4,7,6,command_3_2022,2,2.371224880218506
V0_minus_V4,7,6,command_3_2022,3,2.888084650039673
V0_minus_V4,7,6,command_3_2022,4,2.4517300128936768
V0_minus_V4,7,6,command_3_2022,5,2.515209674835205
V0_minus_V4,7,7,command_4_3383,0,1.806400179862976
V0_minus_V4,7,7,command_4_3383,1,1.8634700775146484
V0_minus_V4,7,7,command_4_3383,2,1.9726989269256592
V0_minus_V4,7,7,command_4_3383,3,2.05330491065979
V0_minus_V4,7,7,command_4_3383,4,1.9085513353347778
V0_minus_V4,7,7,command_4_3383,5,2.031855821609497
V0_minus_V4,7,8,command_5_323,0,1.9873992204666138
V0_minus_V4,7,8,command_5_323,1,1.9576849937438965
V0_minus_V4,7,8,command_5_323,2,2.131232261657715
V0_minus_V4,7,8,command_5_323,3,2.0921192169189453
V0_minus_V4,7,8,command_5_323,4,2.0830514430999756
V0_minus_V4,7,8,command_5_323,5,2.1277241706848145
V0_minus_V4,7,9,command_6_2550,0,2.4738388061523438
V0_minus_V4,7,9,command_6_2550,1,2.5078282356262207
V0_minus_V4,7,9,command_6_2550,2,2.5856709480285645
V0_minus_V4,7,9,command_6_2550,3,2.720004081726074
V0_minus_V4,7,9,command_6_2550,4,2.913205862045288
V0_minus_V4,7,9,command_6_2550,5,2.808263063430786
V0_minus_V4,7,10,command_7_6896,0,1.2462109327316284
V0_minus_V4,7,10,command_7_6896,1,1.3702256679534912
V0_minus_V4,7,10,command_7_6896,2,1.3082014322280884
V0_minus_V4,7,10,command_7_6896,3,1.3863571882247925
V0_minus_V4,7,10,command_7_6896,4,1.4332773685455322
V0_minus_V4,7,10,command_7_6896,5,1.3492138385772705
V0_minus_V4,7,11,embedded_im_end_marker_confounded,0,2.9327523708343506
V0_minus_V4,7,11,embedded_im_end_marker_confounded,1,2.8086135387420654
V0_minus_V4,7,11,embedded_im_end_marker_confounded,2,2.7869043350219727
V0_minus_V4,7,11,embedded_im_end_marker_confounded,3,2.585782527923584
V0_minus_V4,7,11,embedded_im_end_marker_confounded,4,2.5364654064178467
V0_minus_V4,7,11,embedded_im_end_marker_confounded,5,2.986511468887329
V0_minus_V4,8,0,embedded_im_start,0,0.0
V0_minus_V4,8,0,embedded_im_start,1,0.0
V0_minus_V4,8,0,embedded_im_start,2,0.0
V0_minus_V4,8,0,embedded_im_start,3,0.0
V0_minus_V4,8,0,embedded_im_start,4,0.0
V0_minus_V4,8,0,embedded_im_start,5,0.0
V0_minus_V4,8,1,role_token,0,19.875490188598633
V0_minus_V4,8,1,role_token,1,20.15192413330078
V0_minus_V4,8,1,role_token,2,20.3350830078125
V0_minus_V4,8,1,role_token,3,19.78569984436035
V0_minus_V4,8,1,role_token,4,20.43291664123535
V0_minus_V4,8,1,role_token,5,19.863018035888672
V0_minus_V4,8,2,post_role_newline,0,11.060781478881836
V0_minus_V4,8,2,post_role_newline,1,11.313720703125
V0_minus_V4,8,2,post_role_newline,2,11.931880950927734
V0_minus_V4,8,2,post_role_newline,3,10.491876602172852
V0_minus_V4,8,2,post_role_newline,4,11.305154800415039
V0_minus_V4,8,2,post_role_newline,5,10.698339462280273
V0_minus_V4,8,3,command_0_12497,0,7.86066198348999
V0_minus_V4,8,3,command_0_12497,1,7.722876071929932
V0_minus_V4,8,3,command_0_12497,2,8.774104118347168
V0_minus_V4,8,3,command_0_12497,3,7.749080657958984
V0_minus_V4,8,3,command_0_12497,4,8.072080612182617
V0_minus_V4,8,3,command_0_12497,5,8.100360870361328
V0_minus_V4,8,4,command_1_279,0,2.994196891784668
V0_minus_V4,8,4,command_1_279,1,2.9940073490142822
V0_minus_V4,8,4,command_1_279,2,3.3356292247772217
V0_minus_V4,8,4,command_1_279,3,3.4355714321136475
V0_minus_V4,8,4,command_1_279,4,3.1529598236083984
V0_minus_V4,8,4,command_1_279,5,3.306861162185669
V0_minus_V4,8,5,command_2_28285,0,1.8427284955978394
V0_minus_V4,8,5,command_2_28285,1,1.9689958095550537
V0_minus_V4,8,5,command_2_28285,2,1.9209917783737183
V0_minus_V4,8,5,command_2_28285,3,2.1708061695098877
V0_minus_V4,8,5,command_2_28285,4,2.0700855255126953
V0_minus_V4,8,5,command_2_28285,5,1.9920587539672852
V0_minus_V4,8,6,command_3_2022,0,2.716402530670166
V0_minus_V4,8,6,command_3_2022,1,2.8517751693725586
V0_minus_V4,8,6,command_3_2022,2,2.731706380844116
V0_minus_V4,8,6,command_3_2022,3,3.2347500324249268
V0_minus_V4,8,6,command_3_2022,4,2.854501724243164
V0_minus_V4,8,6,command_3_2022,5,2.8940930366516113
V0_minus_V4,8,7,command_4_3383,0,2.3362951278686523
V0_minus_V4,8,7,command_4_3383,1,2.357006311416626
V0_minus_V4,8,7,command_4_3383,2,2.539750576019287
V0_minus_V4,8,7,command_4_3383,3,2.5701351165771484
V0_minus_V4,8,7,command_4_3383,4,2.396357536315918
V0_minus_V4,8,7,command_4_3383,5,2.577108860015869
V0_minus_V4,8,8,command_5_323,0,2.9617533683776855
V0_minus_V4,8,8,command_5_323,1,2.8598949909210205
V0_minus_V4,8,8,command_5_323,2,3.149132490158081
V0_minus_V4,8,8,command_5_323,3,3.02851939201355
V0_minus_V4,8,8,command_5_323,4,3.036909580230713
V0_minus_V4,8,8,command_5_323,5,3.1716647148132324
V0_minus_V4,8,9,command_6_2550,0,2.8269219398498535
V0_minus_V4,8,9,command_6_2550,1,2.774550676345825
V0_minus_V4,8,9,command_6_2550,2,2.9357926845550537
V0_minus_V4,8,9,command_6_2550,3,3.0049424171447754
V0_minus_V4,8,9,command_6_2550,4,3.2097480297088623
V0_minus_V4,8,9,command_6_2550,5,3.053983449935913
V0_minus_V4,8,10,command_7_6896,0,1.5737134218215942
V0_minus_V4,8,10,command_7_6896,1,1.6717194318771362
V0_minus_V4,8,10,command_7_6896,2,1.582738995552063
V0_minus_V4,8,10,command_7_6896,3,1.7400166988372803
V0_minus_V4,8,10,command_7_6896,4,1.8091901540756226
V0_minus_V4,8,10,command_7_6896,5,1.6649811267852783
V0_minus_V4,8,11,embedded_im_end_marker_confounded,0,3.297785758972168
V0_minus_V4,8,11,embedded_im_end_marker_confounded,1,3.2579562664031982
V0_minus_V4,8,11,embedded_im_end_marker_confounded,2,3.26739501953125
V0_minus_V4,8,11,embedded_im_end_marker_confounded,3,3.0615994930267334
V0_minus_V4,8,11,embedded_im_end_marker_confounded,4,3.138528347015381
V0_minus_V4,8,11,embedded_im_end_marker_confounded,5,3.398228168487549
V0_minus_V5,0,0,embedded_im_start,0,0.0
V0_minus_V5,0,0,embedded_im_start,1,0.0
V0_minus_V5,0,0,embedded_im_start,2,0.0
V0_minus_V5,0,0,embedded_im_start,3,0.0
V0_minus_V5,0,0,embedded_im_start,4,0.0
V0_minus_V5,0,0,embedded_im_start,5,0.0
V0_minus_V5,0,1,role_token,0,2.2991700172424316
V0_minus_V5,0,1,role_token,1,2.2991700172424316
V0_minus_V5,0,1,role_token,2,2.2991700172424316
V0_minus_V5,0,1,role_token,3,2.2991700172424316
V0_minus_V5,0,1,role_token,4,2.2991700172424316
V0_minus_V5,0,1,role_token,5,2.2991700172424316
V0_minus_V5,0,2,post_role_newline,0,0.0
V0_minus_V5,0,2,post_role_newline,1,0.0
V0_minus_V5,0,2,post_role_newline,2,0.0
V0_minus_V5,0,2,post_role_newline,3,0.0
V0_minus_V5,0,2,post_role_newline,4,0.0
V0_minus_V5,0,2,post_role_newline,5,0.0
V0_minus_V5,0,3,command_0_12497,0,0.0
V0_minus_V5,0,3,command_0_12497,1,0.0
V0_minus_V5,0,3,command_0_12497,2,0.0
V0_minus_V5,0,3,command_0_12497,3,0.0
V0_minus_V5,0,3,command_0_12497,4,0.0
V0_minus_V5,0,3,command_0_12497,5,0.0
V0_minus_V5,0,4,command_1_279,0,0.0
V0_minus_V5,0,4,command_1_279,1,0.0
V0_minus_V5,0,4,command_1_279,2,0.0
V0_minus_V5,0,4,command_1_279,3,0.0
V0_minus_V5,0,4,command_1_279,4,0.0
V0_minus_V5,0,4,command_1_279,5,0.0
V0_minus_V5,0,5,command_2_28285,0,0.0
V0_minus_V5,0,5,command_2_28285,1,0.0
V0_minus_V5,0,5,command_2_28285,2,0.0
V0_minus_V5,0,5,command_2_28285,3,0.0
V0_minus_V5,0,5,command_2_28285,4,0.0
V0_minus_V5,0,5,command_2_28285,5,0.0
V0_minus_V5,0,6,command_3_2022,0,0.0
V0_minus_V5,0,6,command_3_2022,1,0.0
V0_minus_V5,0,6,command_3_2022,2,0.0
V0_minus_V5,0,6,command_3_2022,3,0.0
V0_minus_V5,0,6,command_3_2022,4,0.0
V0_minus_V5,0,6,command_3_2022,5,0.0
V0_minus_V5,0,7,command_4_3383,0,0.0
V0_minus_V5,0,7,command_4_3383,1,0.0
V0_minus_V5,0,7,command_4_3383,2,0.0
V0_minus_V5,0,7,command_4_3383,3,0.0
V0_minus_V5,0,7,command_4_3383,4,0.0
V0_minus_V5,0,7,command_4_3383,5,0.0
V0_minus_V5,0,8,command_5_323,0,0.0
V0_minus_V5,0,8,command_5_323,1,0.0
V0_minus_V5,0,8,command_5_323,2,0.0
V0_minus_V5,0,8,command_5_323,3,0.0
V0_minus_V5,0,8,command_5_323,4,0.0
V0_minus_V5,0,8,command_5_323,5,0.0
V0_minus_V5,0,9,command_6_2550,0,0.0
V0_minus_V5,0,9,command_6_2550,1,0.0
V0_minus_V5,0,9,command_6_2550,2,0.0
V0_minus_V5,0,9,command_6_2550,3,0.0
V0_minus_V5,0,9,command_6_2550,4,0.0
V0_minus_V5,0,9,command_6_2550,5,0.0
V0_minus_V5,0,10,command_7_6896,0,0.0
V0_minus_V5,0,10,command_7_6896,1,0.0
V0_minus_V5,0,10,command_7_6896,2,0.0
V0_minus_V5,0,10,command_7_6896,3,0.0
V0_minus_V5,0,10,command_7_6896,4,0.0
V0_minus_V5,0,10,command_7_6896,5,0.0
V0_minus_V5,0,11,embedded_im_end_marker_confounded,0,0.0
V0_minus_V5,0,11,embedded_im_end_marker_confounded,1,0.0
V0_minus_V5,0,11,embedded_im_end_marker_confounded,2,0.0
V0_minus_V5,0,11,embedded_im_end_marker_confounded,3,0.0
V0_minus_V5,0,11,embedded_im_end_marker_confounded,4,0.0
V0_minus_V5,0,11,embedded_im_end_marker_confounded,5,0.0
V0_minus_V5,1,0,embedded_im_start,0,0.0
V0_minus_V5,1,0,embedded_im_start,1,0.0
V0_minus_V5,1,0,embedded_im_start,2,0.0
V0_minus_V5,1,0,embedded_im_start,3,0.0
V0_minus_V5,1,0,embedded_im_start,4,0.0
V0_minus_V5,1,0,embedded_im_start,5,0.0
V0_minus_V5,1,1,role_token,0,12.559215545654297
V0_minus_V5,1,1,role_token,1,12.661178588867188
V0_minus_V5,1,1,role_token,2,12.791487693786621
V0_minus_V5,1,1,role_token,3,12.72572135925293
V0_minus_V5,1,1,role_token,4,12.726717948913574
V0_minus_V5,1,1,role_token,5,12.586063385009766
V0_minus_V5,1,2,post_role_newline,0,1.4310919046401978
V0_minus_V5,1,2,post_role_newline,1,1.4210494756698608
V0_minus_V5,1,2,post_role_newline,2,1.417059302330017
V0_minus_V5,1,2,post_role_newline,3,1.4114183187484741
V0_minus_V5,1,2,post_role_newline,4,1.3960988521575928
V0_minus_V5,1,2,post_role_newline,5,1.3944971561431885
V0_minus_V5,1,3,command_0_12497,0,4.0943145751953125
V0_minus_V5,1,3,command_0_12497,1,4.043067455291748
V0_minus_V5,1,3,command_0_12497,2,4.209587574005127
V0_minus_V5,1,3,command_0_12497,3,4.073061466217041
V0_minus_V5,1,3,command_0_12497,4,3.6800131797790527
V0_minus_V5,1,3,command_0_12497,5,4.038237571716309
V0_minus_V5,1,4,command_1_279,0,0.1279526948928833
V0_minus_V5,1,4,command_1_279,1,0.123557910323143
V0_minus_V5,1,4,command_1_279,2,0.14640547335147858
V0_minus_V5,1,4,command_1_279,3,0.13370291888713837
V0_minus_V5,1,4,command_1_279,4,0.14975963532924652
V0_minus_V5,1,4,command_1_279,5,0.13041386008262634
V0_minus_V5,1,5,command_2_28285,0,1.576142430305481
V0_minus_V5,1,5,command_2_28285,1,1.3750731945037842
V0_minus_V5,1,5,command_2_28285,2,1.5600351095199585
V0_minus_V5,1,5,command_2_28285,3,1.5959166288375854
V0_minus_V5,1,5,command_2_28285,4,1.4955148696899414
V0_minus_V5,1,5,command_2_28285,5,1.5070246458053589
V0_minus_V5,1,6,command_3_2022,0,0.7443962693214417
V0_minus_V5,1,6,command_3_2022,1,0.7280404567718506
V0_minus_V5,1,6,command_3_2022,2,0.7471255660057068
V0_minus_V5,1,6,command_3_2022,3,0.754569411277771
V0_minus_V5,1,6,command_3_2022,4,0.7009018659591675
V0_minus_V5,1,6,command_3_2022,5,0.7394629716873169
V0_minus_V5,1,7,command_4_3383,0,0.5916345119476318
V0_minus_V5,1,7,command_4_3383,1,0.5803892016410828
V0_minus_V5,1,7,command_4_3383,2,0.6256054639816284
V0_minus_V5,1,7,command_4_3383,3,0.6272844076156616
V0_minus_V5,1,7,command_4_3383,4,0.5946869254112244
V0_minus_V5,1,7,command_4_3383,5,0.5812214016914368
V0_minus_V5,1,8,command_5_323,0,0.07351583242416382
V0_minus_V5,1,8,command_5_323,1,0.0762130469083786
V0_minus_V5,1,8,command_5_323,2,0.08370164036750793
V0_minus_V5,1,8,command_5_323,3,0.07038026303052902
V0_minus_V5,1,8,command_5_323,4,0.08287844061851501
V0_minus_V5,1,8,command_5_323,5,0.0788373276591301
V0_minus_V5,1,9,command_6_2550,0,0.2565816640853882
V0_minus_V5,1,9,command_6_2550,1,0.2970409095287323
V0_minus_V5,1,9,command_6_2550,2,0.22126257419586182
V0_minus_V5,1,9,command_6_2550,3,0.26872557401657104
V0_minus_V5,1,9,command_6_2550,4,0.2076253592967987
V0_minus_V5,1,9,command_6_2550,5,0.3022556006908417
V0_minus_V5,1,10,command_7_6896,0,0.33020681142807007
V0_minus_V5,1,10,command_7_6896,1,0.3246328830718994
V0_minus_V5,1,10,command_7_6896,2,0.3411538302898407
V0_minus_V5,1,10,command_7_6896,3,0.37073051929473877
V0_minus_V5,1,10,command_7_6896,4,0.34484684467315674
V0_minus_V5,1,10,command_7_6896,5,0.3587925434112549
V0_minus_V5,1,11,embedded_im_end_marker_confounded,0,0.6223701238632202
V0_minus_V5,1,11,embedded_im_end_marker_confounded,1,1.2420274019241333
V0_minus_V5,1,11,embedded_im_end_marker_confounded,2,0.7989714741706848
V0_minus_V5,1,11,embedded_im_end_marker_confounded,3,0.7325316667556763
V0_minus_V5,1,11,embedded_im_end_marker_confounded,4,0.4933437705039978
V0_minus_V5,1,11,embedded_im_end_marker_confounded,5,0.6171935200691223
V0_minus_V5,2,0,embedded_im_start,0,0.0
V0_minus_V5,2,0,embedded_im_start,1,0.0
V0_minus_V5,2,0,embedded_im_start,2,0.0
V0_minus_V5,2,0,embedded_im_start,3,0.0
V0_minus_V5,2,0,embedded_im_start,4,0.0
V0_minus_V5,2,0,embedded_im_start,5,0.0
V0_minus_V5,2,1,role_token,0,14.035260200500488
V0_minus_V5,2,1,role_token,1,14.19146728515625
V0_minus_V5,2,1,role_token,2,14.20268440246582
V0_minus_V5,2,1,role_token,3,14.35966968536377
V0_minus_V5,2,1,role_token,4,14.154719352722168
V0_minus_V5,2,1,role_token,5,14.07852840423584
V0_minus_V5,2,2,post_role_newline,0,2.362475633621216
V0_minus_V5,2,2,post_role_newline,1,2.4742166996002197
V0_minus_V5,2,2,post_role_newline,2,2.3755786418914795
V0_minus_V5,2,2,post_role_newline,3,2.4461545944213867
V0_minus_V5,2,2,post_role_newline,4,2.538144588470459
V0_minus_V5,2,2,post_role_newline,5,2.4256796836853027
V0_minus_V5,2,3,command_0_12497,0,4.616738796234131
V0_minus_V5,2,3,command_0_12497,1,4.661803722381592
V0_minus_V5,2,3,command_0_12497,2,4.634355068206787
V0_minus_V5,2,3,command_0_12497,3,4.534962177276611
V0_minus_V5,2,3,command_0_12497,4,4.113593101501465
V0_minus_V5,2,3,command_0_12497,5,4.521062850952148
V0_minus_V5,2,4,command_1_279,0,0.6089010834693909
V0_minus_V5,2,4,command_1_279,1,0.6572834253311157
V0_minus_V5,2,4,command_1_279,2,0.5708259344100952
V0_minus_V5,2,4,command_1_279,3,0.5808246731758118
V0_minus_V5,2,4,command_1_279,4,0.5736465454101562
V0_minus_V5,2,4,command_1_279,5,0.5955110192298889
V0_minus_V5,2,5,command_2_28285,0,1.9074193239212036
V0_minus_V5,2,5,command_2_28285,1,1.6937071084976196
V0_minus_V5,2,5,command_2_28285,2,1.849934697151184
V0_minus_V5,2,5,command_2_28285,3,1.9099525213241577
V0_minus_V5,2,5,command_2_28285,4,1.8242073059082031
V0_minus_V5,2,5,command_2_28285,5,1.8279540538787842
V0_minus_V5,2,6,command_3_2022,0,1.1094861030578613
V0_minus_V5,2,6,command_3_2022,1,1.072353720664978
V0_minus_V5,2,6,command_3_2022,2,1.0809035301208496
V0_minus_V5,2,6,command_3_2022,3,1.0936874151229858
V0_minus_V5,2,6,command_3_2022,4,1.0435243844985962
V0_minus_V5,2,6,command_3_2022,5,1.0800105333328247
V0_minus_V5,2,7,command_4_3383,0,0.8710383772850037
V0_minus_V5,2,7,command_4_3383,1,0.8664101362228394
V0_minus_V5,2,7,command_4_3383,2,0.8803641200065613
V0_minus_V5,2,7,command_4_3383,3,0.8819811344146729
V0_minus_V5,2,7,command_4_3383,4,0.8571935296058655
V0_minus_V5,2,7,command_4_3383,5,0.8585029244422913
V0_minus_V5,2,8,command_5_323,0,0.6477147340774536
V0_minus_V5,2,8,command_5_323,1,0.6281483769416809
V0_minus_V5,2,8,command_5_323,2,0.6205930709838867
V0_minus_V5,2,8,command_5_323,3,0.6607332825660706
V0_minus_V5,2,8,command_5_323,4,0.6377992630004883
V0_minus_V5,2,8,command_5_323,5,0.6456484198570251
V0_minus_V5,2,9,command_6_2550,0,0.5167991518974304
V0_minus_V5,2,9,command_6_2550,1,0.5733279585838318
V0_minus_V5,2,9,command_6_2550,2,0.46040260791778564
V0_minus_V5,2,9,command_6_2550,3,0.501396894454956
V0_minus_V5,2,9,command_6_2550,4,0.4742620587348938
V0_minus_V5,2,9,command_6_2550,5,0.549168050289154
V0_minus_V5,2,10,command_7_6896,0,0.5135517120361328
V0_minus_V5,2,10,command_7_6896,1,0.5140738487243652
V0_minus_V5,2,10,command_7_6896,2,0.5187769532203674
V0_minus_V5,2,10,command_7_6896,3,0.5474095344543457
V0_minus_V5,2,10,command_7_6896,4,0.5143010020256042
V0_minus_V5,2,10,command_7_6896,5,0.5300576686859131
V0_minus_V5,2,11,embedded_im_end_marker_confounded,0,0.8007272481918335
V0_minus_V5,2,11,embedded_im_end_marker_confounded,1,1.4797286987304688
V0_minus_V5,2,11,embedded_im_end_marker_confounded,2,0.9576331377029419
V0_minus_V5,2,11,embedded_im_end_marker_confounded,3,0.8805102109909058
V0_minus_V5,2,11,embedded_im_end_marker_confounded,4,0.6508919596672058
V0_minus_V5,2,11,embedded_im_end_marker_confounded,5,0.7625744938850403
V0_minus_V5,3,0,embedded_im_start,0,0.0
V0_minus_V5,3,0,embedded_im_start,1,0.0
V0_minus_V5,3,0,embedded_im_start,2,0.0
V0_minus_V5,3,0,embedded_im_start,3,0.0
V0_minus_V5,3,0,embedded_im_start,4,0.0
V0_minus_V5,3,0,embedded_im_start,5,0.0
V0_minus_V5,3,1,role_token,0,15.589653968811035
V0_minus_V5,3,1,role_token,1,15.719252586364746
V0_minus_V5,3,1,role_token,2,15.612825393676758
V0_minus_V5,3,1,role_token,3,15.766823768615723
V0_minus_V5,3,1,role_token,4,15.765055656433105
V0_minus_V5,3,1,role_token,5,15.535926818847656
V0_minus_V5,3,2,post_role_newline,0,2.8065292835235596
V0_minus_V5,3,2,post_role_newline,1,2.954545497894287
V0_minus_V5,3,2,post_role_newline,2,2.803107738494873
V0_minus_V5,3,2,post_role_newline,3,2.8590872287750244
V0_minus_V5,3,2,post_role_newline,4,2.940927267074585
V0_minus_V5,3,2,post_role_newline,5,2.8261239528656006
V0_minus_V5,3,3,command_0_12497,0,4.695180416107178
V0_minus_V5,3,3,command_0_12497,1,4.736960411071777
V0_minus_V5,3,3,command_0_12497,2,4.722899913787842
V0_minus_V5,3,3,command_0_12497,3,4.58516263961792
V0_minus_V5,3,3,command_0_12497,4,4.159070014953613
V0_minus_V5,3,3,command_0_12497,5,4.577916145324707
V0_minus_V5,3,4,command_1_279,0,0.9979268312454224
V0_minus_V5,3,4,command_1_279,1,1.0707591772079468
V0_minus_V5,3,4,command_1_279,2,0.9089606404304504
V0_minus_V5,3,4,command_1_279,3,0.9480646252632141
V0_minus_V5,3,4,command_1_279,4,1.0850906372070312
V0_minus_V5,3,4,command_1_279,5,0.9669060707092285
V0_minus_V5,3,5,command_2_28285,0,2.0560450553894043
V0_minus_V5,3,5,command_2_28285,1,1.8814011812210083
V0_minus_V5,3,5,command_2_28285,2,1.9367270469665527
V0_minus_V5,3,5,command_2_28285,3,1.9766285419464111
V0_minus_V5,3,5,command_2_28285,4,1.9678219556808472
V0_minus_V5,3,5,command_2_28285,5,1.9875942468643188
V0_minus_V5,3,6,command_3_2022,0,2.797243118286133
V0_minus_V5,3,6,command_3_2022,1,2.645331382751465
V0_minus_V5,3,6,command_3_2022,2,2.541386127471924
V0_minus_V5,3,6,command_3_2022,3,2.465176582336426
V0_minus_V5,3,6,command_3_2022,4,2.5726916790008545
V0_minus_V5,3,6,command_3_2022,5,2.594322443008423
V0_minus_V5,3,7,command_4_3383,0,1.8559224605560303
V0_minus_V5,3,7,command_4_3383,1,1.7419980764389038
V0_minus_V5,3,7,command_4_3383,2,1.8051873445510864
V0_minus_V5,3,7,command_4_3383,3,1.7085040807724
V0_minus_V5,3,7,command_4_3383,4,1.7557681798934937
V0_minus_V5,3,7,command_4_3383,5,1.7383877038955688
V0_minus_V5,3,8,command_5_323,0,1.4560537338256836
V0_minus_V5,3,8,command_5_323,1,1.3524110317230225
V0_minus_V5,3,8,command_5_323,2,1.3638399839401245
V0_minus_V5,3,8,command_5_323,3,1.403490662574768
V0_minus_V5,3,8,command_5_323,4,1.391708254814148
V0_minus_V5,3,8,command_5_323,5,1.4025412797927856
V0_minus_V5,3,9,command_6_2550,0,1.2029895782470703
V0_minus_V5,3,9,command_6_2550,1,1.2192796468734741
V0_minus_V5,3,9,command_6_2550,2,1.1093248128890991
V0_minus_V5,3,9,command_6_2550,3,1.0596421957015991
V0_minus_V5,3,9,command_6_2550,4,1.1121443510055542
V0_minus_V5,3,9,command_6_2550,5,1.131805181503296
V0_minus_V5,3,10,command_7_6896,0,0.8708558082580566
V0_minus_V5,3,10,command_7_6896,1,0.9025008678436279
V0_minus_V5,3,10,command_7_6896,2,0.8670395016670227
V0_minus_V5,3,10,command_7_6896,3,0.8658104538917542
V0_minus_V5,3,10,command_7_6896,4,0.8336246609687805
V0_minus_V5,3,10,command_7_6896,5,0.8511366248130798
V0_minus_V5,3,11,embedded_im_end_marker_confounded,0,1.0127112865447998
V0_minus_V5,3,11,embedded_im_end_marker_confounded,1,1.68415367603302
V0_minus_V5,3,11,embedded_im_end_marker_confounded,2,1.1167062520980835
V0_minus_V5,3,11,embedded_im_end_marker_confounded,3,1.0256075859069824
V0_minus_V5,3,11,embedded_im_end_marker_confounded,4,0.8336439728736877
V0_minus_V5,3,11,embedded_im_end_marker_confounded,5,0.972555935382843
V0_minus_V5,4,0,embedded_im_start,0,0.0
V0_minus_V5,4,0,embedded_im_start,1,0.0
V0_minus_V5,4,0,embedded_im_start,2,0.0
V0_minus_V5,4,0,embedded_im_start,3,0.0
V0_minus_V5,4,0,embedded_im_start,4,0.0
V0_minus_V5,4,0,embedded_im_start,5,0.0
V0_minus_V5,4,1,role_token,0,26.523216247558594
V0_minus_V5,4,1,role_token,1,26.679916381835938
V0_minus_V5,4,1,role_token,2,26.192279815673828
V0_minus_V5,4,1,role_token,3,25.671504974365234
V0_minus_V5,4,1,role_token,4,26.45068359375
V0_minus_V5,4,1,role_token,5,25.433061599731445
V0_minus_V5,4,2,post_role_newline,0,3.322322368621826
V0_minus_V5,4,2,post_role_newline,1,3.4724607467651367
V0_minus_V5,4,2,post_role_newline,2,3.267925500869751
V0_minus_V5,4,2,post_role_newline,3,3.324652671813965
V0_minus_V5,4,2,post_role_newline,4,3.4173331260681152
V0_minus_V5,4,2,post_role_newline,5,3.326136827468872
V0_minus_V5,4,3,command_0_12497,0,4.922635078430176
V0_minus_V5,4,3,command_0_12497,1,5.007389545440674
V0_minus_V5,4,3,command_0_12497,2,4.94439172744751
V0_minus_V5,4,3,command_0_12497,3,4.815124034881592
V0_minus_V5,4,3,command_0_12497,4,4.376318454742432
V0_minus_V5,4,3,command_0_12497,5,4.834300994873047
V0_minus_V5,4,4,command_1_279,0,1.3098058700561523
V0_minus_V5,4,4,command_1_279,1,1.3884708881378174
V0_minus_V5,4,4,command_1_279,2,1.1674598455429077
V0_minus_V5,4,4,command_1_279,3,1.274272084236145
V0_minus_V5,4,4,command_1_279,4,1.3101674318313599
V0_minus_V5,4,4,command_1_279,5,1.2652307748794556
V0_minus_V5,4,5,command_2_28285,0,2.2752749919891357
V0_minus_V5,4,5,command_2_28285,1,2.089214563369751
V0_minus_V5,4,5,command_2_28285,2,2.143913507461548
V0_minus_V5,4,5,command_2_28285,3,2.2287302017211914
V0_minus_V5,4,5,command_2_28285,4,2.152381181716919
V0_minus_V5,4,5,command_2_28285,5,2.21624755859375
V0_minus_V5,4,6,command_3_2022,0,3.202615261077881
V0_minus_V5,4,6,command_3_2022,1,3.0012762546539307
V0_minus_V5,4,6,command_3_2022,2,2.9483461380004883
V0_minus_V5,4,6,command_3_2022,3,2.82487416267395
V0_minus_V5,4,6,command_3_2022,4,2.8975157737731934
V0_minus_V5,4,6,command_3_2022,5,2.930098056793213
V0_minus_V5,4,7,command_4_3383,0,2.1872777938842773
V0_minus_V5,4,7,command_4_3383,1,2.0259037017822266
V0_minus_V5,4,7,command_4_3383,2,2.1343913078308105
V0_minus_V5,4,7,command_4_3383,3,2.014707565307617
V0_minus_V5,4,7,command_4_3383,4,2.050473690032959
V0_minus_V5,4,7,command_4_3383,5,2.0320911407470703
V0_minus_V5,4,8,command_5_323,0,2.000089406967163
V0_minus_V5,4,8,command_5_323,1,1.9506767988204956
V0_minus_V5,4,8,command_5_323,2,1.812586784362793
V0_minus_V5,4,8,command_5_323,3,1.8746321201324463
V0_minus_V5,4,8,command_5_323,4,1.9075285196304321
V0_minus_V5,4,8,command_5_323,5,1.8979828357696533
V0_minus_V5,4,9,command_6_2550,0,1.6579902172088623
V0_minus_V5,4,9,command_6_2550,1,1.5977290868759155
V0_minus_V5,4,9,command_6_2550,2,1.5681512355804443
V0_minus_V5,4,9,command_6_2550,3,1.5158250331878662
V0_minus_V5,4,9,command_6_2550,4,1.508841872215271
V0_minus_V5,4,9,command_6_2550,5,1.5501080751419067
V0_minus_V5,4,10,command_7_6896,0,1.187648057937622
V0_minus_V5,4,10,command_7_6896,1,1.2523084878921509
V0_minus_V5,4,10,command_7_6896,2,1.158552885055542
V0_minus_V5,4,10,command_7_6896,3,1.1130499839782715
V0_minus_V5,4,10,command_7_6896,4,1.1701414585113525
V0_minus_V5,4,10,command_7_6896,5,1.1557031869888306
V0_minus_V5,4,11,embedded_im_end_marker_confounded,0,1.6380953788757324
V0_minus_V5,4,11,embedded_im_end_marker_confounded,1,2.252552032470703
V0_minus_V5,4,11,embedded_im_end_marker_confounded,2,1.6869207620620728
V0_minus_V5,4,11,embedded_im_end_marker_confounded,3,1.549643635749817
V0_minus_V5,4,11,embedded_im_end_marker_confounded,4,1.4177050590515137
V0_minus_V5,4,11,embedded_im_end_marker_confounded,5,1.5267599821090698
V0_minus_V5,5,0,embedded_im_start,0,0.0
V0_minus_V5,5,0,embedded_im_start,1,0.0
V0_minus_V5,5,0,embedded_im_start,2,0.0
V0_minus_V5,5,0,embedded_im_start,3,0.0
V0_minus_V5,5,0,embedded_im_start,4,0.0
V0_minus_V5,5,0,embedded_im_start,5,0.0
V0_minus_V5,5,1,role_token,0,30.00755500793457
V0_minus_V5,5,1,role_token,1,30.12616539001465
V0_minus_V5,5,1,role_token,2,29.667301177978516
V0_minus_V5,5,1,role_token,3,29.121135711669922
V0_minus_V5,5,1,role_token,4,29.92948341369629
V0_minus_V5,5,1,role_token,5,28.848758697509766
V0_minus_V5,5,2,post_role_newline,0,6.407967567443848
V0_minus_V5,5,2,post_role_newline,1,6.593075752258301
V0_minus_V5,5,2,post_role_newline,2,6.271383285522461
V0_minus_V5,5,2,post_role_newline,3,6.203674793243408
V0_minus_V5,5,2,post_role_newline,4,6.682382106781006
V0_minus_V5,5,2,post_role_newline,5,6.432768821716309
V0_minus_V5,5,3,command_0_12497,0,5.206269264221191
V0_minus_V5,5,3,command_0_12497,1,5.308151721954346
V0_minus_V5,5,3,command_0_12497,2,5.235146522521973
V0_minus_V5,5,3,command_0_12497,3,5.107163429260254
V0_minus_V5,5,3,command_0_12497,4,4.634610652923584
V0_minus_V5,5,3,command_0_12497,5,5.12997579574585
V0_minus_V5,5,4,command_1_279,0,1.662026286125183
V0_minus_V5,5,4,command_1_279,1,1.6707541942596436
V0_minus_V5,5,4,command_1_279,2,1.5586963891983032
V0_minus_V5,5,4,command_1_279,3,1.7011281251907349
V0_minus_V5,5,4,command_1_279,4,1.5610696077346802
V0_minus_V5,5,4,command_1_279,5,1.6729040145874023
V0_minus_V5,5,5,command_2_28285,0,2.85782527923584
V0_minus_V5,5,5,command_2_28285,1,2.7225985527038574
V0_minus_V5,5,5,command_2_28285,2,2.6152610778808594
V0_minus_V5,5,5,command_2_28285,3,2.7447075843811035
V0_minus_V5,5,5,command_2_28285,4,2.6737897396087646
V0_minus_V5,5,5,command_2_28285,5,2.7398478984832764
V0_minus_V5,5,6,command_3_2022,0,4.033291339874268
V0_minus_V5,5,6,command_3_2022,1,3.7070014476776123
V0_minus_V5,5,6,command_3_2022,2,3.858928680419922
V0_minus_V5,5,6,command_3_2022,3,3.827223539352417
V0_minus_V5,5,6,command_3_2022,4,3.7496159076690674
V0_minus_V5,5,6,command_3_2022,5,3.7827670574188232
V0_minus_V5,5,7,command_4_3383,0,2.804091453552246
V0_minus_V5,5,7,command_4_3383,1,2.5333054065704346
V0_minus_V5,5,7,command_4_3383,2,2.737736225128174
V0_minus_V5,5,7,command_4_3383,3,2.624537467956543
V0_minus_V5,5,7,command_4_3383,4,2.5994460582733154
V0_minus_V5,5,7,command_4_3383,5,2.635899305343628
V0_minus_V5,5,8,command_5_323,0,2.2545087337493896
V0_minus_V5,5,8,command_5_323,1,2.1626384258270264
V0_minus_V5,5,8,command_5_323,2,2.066129207611084
V0_minus_V5,5,8,command_5_323,3,2.1172261238098145
V0_minus_V5,5,8,command_5_323,4,2.150130033493042
V0_minus_V5,5,8,command_5_323,5,2.124171018600464
V0_minus_V5,5,9,command_6_2550,0,2.125495195388794
V0_minus_V5,5,9,command_6_2550,1,2.0392072200775146
V0_minus_V5,5,9,command_6_2550,2,2.130305051803589
V0_minus_V5,5,9,command_6_2550,3,2.0355889797210693
V0_minus_V5,5,9,command_6_2550,4,1.9606600999832153
V0_minus_V5,5,9,command_6_2550,5,2.1232223510742188
V0_minus_V5,5,10,command_7_6896,0,1.4223437309265137
V0_minus_V5,5,10,command_7_6896,1,1.465694546699524
V0_minus_V5,5,10,command_7_6896,2,1.3397825956344604
V0_minus_V5,5,10,command_7_6896,3,1.29056715965271
V0_minus_V5,5,10,command_7_6896,4,1.3538503646850586
V0_minus_V5,5,10,command_7_6896,5,1.3476823568344116
V0_minus_V5,5,11,embedded_im_end_marker_confounded,0,2.0374605655670166
V0_minus_V5,5,11,embedded_im_end_marker_confounded,1,2.712111234664917
V0_minus_V5,5,11,embedded_im_end_marker_confounded,2,2.0741114616394043
V0_minus_V5,5,11,embedded_im_end_marker_confounded,3,1.863083004951477
V0_minus_V5,5,11,embedded_im_end_marker_confounded,4,1.738683819770813
V0_minus_V5,5,11,embedded_im_end_marker_confounded,5,1.9537713527679443
V0_minus_V5,6,0,embedded_im_start,0,0.0
V0_minus_V5,6,0,embedded_im_start,1,0.0
V0_minus_V5,6,0,embedded_im_start,2,0.0
V0_minus_V5,6,0,embedded_im_start,3,0.0
V0_minus_V5,6,0,embedded_im_start,4,0.0
V0_minus_V5,6,0,embedded_im_start,5,0.0
V0_minus_V5,6,1,role_token,0,36.31057357788086
V0_minus_V5,6,1,role_token,1,36.2864990234375
V0_minus_V5,6,1,role_token,2,36.08614730834961
V0_minus_V5,6,1,role_token,3,35.641883850097656
V0_minus_V5,6,1,role_token,4,36.23344802856445
V0_minus_V5,6,1,role_token,5,35.26011657714844
V0_minus_V5,6,2,post_role_newline,0,6.94891357421875
V0_minus_V5,6,2,post_role_newline,1,7.154524326324463
V0_minus_V5,6,2,post_role_newline,2,6.800657749176025
V0_minus_V5,6,2,post_role_newline,3,6.871516227722168
V0_minus_V5,6,2,post_role_newline,4,7.316098213195801
V0_minus_V5,6,2,post_role_newline,5,7.0688557624816895
V0_minus_V5,6,3,command_0_12497,0,6.073442459106445
V0_minus_V5,6,3,command_0_12497,1,6.154357433319092
V0_minus_V5,6,3,command_0_12497,2,6.07367467880249
V0_minus_V5,6,3,command_0_12497,3,5.910822868347168
V0_minus_V5,6,3,command_0_12497,4,5.507918357849121
V0_minus_V5,6,3,command_0_12497,5,5.950364112854004
V0_minus_V5,6,4,command_1_279,0,2.179385185241699
V0_minus_V5,6,4,command_1_279,1,2.1725194454193115
V0_minus_V5,6,4,command_1_279,2,2.1630442142486572
V0_minus_V5,6,4,command_1_279,3,2.350250244140625
V0_minus_V5,6,4,command_1_279,4,2.0638434886932373
V0_minus_V5,6,4,command_1_279,5,2.3529412746429443
V0_minus_V5,6,5,command_2_28285,0,3.024026393890381
V0_minus_V5,6,5,command_2_28285,1,2.876657009124756
V0_minus_V5,6,5,command_2_28285,2,2.8010597229003906
V0_minus_V5,6,5,command_2_28285,3,2.9365837574005127
V0_minus_V5,6,5,command_2_28285,4,2.8008854389190674
V0_minus_V5,6,5,command_2_28285,5,2.8910951614379883
V0_minus_V5,6,6,command_3_2022,0,4.685153007507324
V0_minus_V5,6,6,command_3_2022,1,4.345986366271973
V0_minus_V5,6,6,command_3_2022,2,4.486483097076416
V0_minus_V5,6,6,command_3_2022,3,4.551021099090576
V0_minus_V5,6,6,command_3_2022,4,4.4321208000183105
V0_minus_V5,6,6,command_3_2022,5,4.3987345695495605
V0_minus_V5,6,7,command_4_3383,0,3.6560730934143066
V0_minus_V5,6,7,command_4_3383,1,3.388714551925659
V0_minus_V5,6,7,command_4_3383,2,3.6711435317993164
V0_minus_V5,6,7,command_4_3383,3,3.4368979930877686
V0_minus_V5,6,7,command_4_3383,4,3.564089298248291
V0_minus_V5,6,7,command_4_3383,5,3.5061137676239014
V0_minus_V5,6,8,command_5_323,0,3.2383198738098145
V0_minus_V5,6,8,command_5_323,1,3.187605381011963
V0_minus_V5,6,8,command_5_323,2,3.139911651611328
V0_minus_V5,6,8,command_5_323,3,3.135394811630249
V0_minus_V5,6,8,command_5_323,4,3.2040178775787354
V0_minus_V5,6,8,command_5_323,5,3.2540032863616943
V0_minus_V5,6,9,command_6_2550,0,2.834986686706543
V0_minus_V5,6,9,command_6_2550,1,2.9394173622131348
V0_minus_V5,6,9,command_6_2550,2,2.8178534507751465
V0_minus_V5,6,9,command_6_2550,3,2.729543924331665
V0_minus_V5,6,9,command_6_2550,4,2.9450247287750244
V0_minus_V5,6,9,command_6_2550,5,2.8561747074127197
V0_minus_V5,6,10,command_7_6896,0,1.9046295881271362
V0_minus_V5,6,10,command_7_6896,1,1.9557414054870605
V0_minus_V5,6,10,command_7_6896,2,1.8151975870132446
V0_minus_V5,6,10,command_7_6896,3,1.7592781782150269
V0_minus_V5,6,10,command_7_6896,4,1.840590238571167
V0_minus_V5,6,10,command_7_6896,5,1.814705729484558
V0_minus_V5,6,11,embedded_im_end_marker_confounded,0,2.6933765411376953
V0_minus_V5,6,11,embedded_im_end_marker_confounded,1,3.4941065311431885
V0_minus_V5,6,11,embedded_im_end_marker_confounded,2,2.8346569538116455
V0_minus_V5,6,11,embedded_im_end_marker_confounded,3,2.534666061401367
V0_minus_V5,6,11,embedded_im_end_marker_confounded,4,2.4956367015838623
V0_minus_V5,6,11,embedded_im_end_marker_confounded,5,2.6158175468444824
V0_minus_V5,7,0,embedded_im_start,0,0.0
V0_minus_V5,7,0,embedded_im_start,1,0.0
V0_minus_V5,7,0,embedded_im_start,2,0.0
V0_minus_V5,7,0,embedded_im_start,3,0.0
V0_minus_V5,7,0,embedded_im_start,4,0.0
V0_minus_V5,7,0,embedded_im_start,5,0.0
V0_minus_V5,7,1,role_token,0,42.05534744262695
V0_minus_V5,7,1,role_token,1,41.883079528808594
V0_minus_V5,7,1,role_token,2,41.9703483581543
V0_minus_V5,7,1,role_token,3,41.17105484008789
V0_minus_V5,7,1,role_token,4,41.706199645996094
V0_minus_V5,7,1,role_token,5,40.76542282104492
V0_minus_V5,7,2,post_role_newline,0,14.477659225463867
V0_minus_V5,7,2,post_role_newline,1,14.534424781799316
V0_minus_V5,7,2,post_role_newline,2,14.718158721923828
V0_minus_V5,7,2,post_role_newline,3,14.424843788146973
V0_minus_V5,7,2,post_role_newline,4,15.37303352355957
V0_minus_V5,7,2,post_role_newline,5,14.555320739746094
V0_minus_V5,7,3,command_0_12497,0,7.608862400054932
V0_minus_V5,7,3,command_0_12497,1,7.503788948059082
V0_minus_V5,7,3,command_0_12497,2,7.6773552894592285
V0_minus_V5,7,3,command_0_12497,3,7.293962478637695
V0_minus_V5,7,3,command_0_12497,4,7.051092147827148
V0_minus_V5,7,3,command_0_12497,5,7.372590065002441
V0_minus_V5,7,4,command_1_279,0,2.7751450538635254
V0_minus_V5,7,4,command_1_279,1,2.685961961746216
V0_minus_V5,7,4,command_1_279,2,2.7801172733306885
V0_minus_V5,7,4,command_1_279,3,2.9388670921325684
V0_minus_V5,7,4,command_1_279,4,2.445388078689575
V0_minus_V5,7,4,command_1_279,5,2.8664498329162598
V0_minus_V5,7,5,command_2_28285,0,3.0735275745391846
V0_minus_V5,7,5,command_2_28285,1,2.9136455059051514
V0_minus_V5,7,5,command_2_28285,2,2.831042528152466
V0_minus_V5,7,5,command_2_28285,3,3.0070102214813232
V0_minus_V5,7,5,command_2_28285,4,2.8248062133789062
V0_minus_V5,7,5,command_2_28285,5,2.936582088470459
V0_minus_V5,7,6,command_3_2022,0,4.907227039337158
V0_minus_V5,7,6,command_3_2022,1,4.599569320678711
V0_minus_V5,7,6,command_3_2022,2,4.690883636474609
V0_minus_V5,7,6,command_3_2022,3,4.82530403137207
V0_minus_V5,7,6,command_3_2022,4,4.656795978546143
V0_minus_V5,7,6,command_3_2022,5,4.635496616363525
V0_minus_V5,7,7,command_4_3383,0,4.113072872161865
V0_minus_V5,7,7,command_4_3383,1,3.76019549369812
V0_minus_V5,7,7,command_4_3383,2,4.119729995727539
V0_minus_V5,7,7,command_4_3383,3,3.897899627685547
V0_minus_V5,7,7,command_4_3383,4,4.00527811050415
V0_minus_V5,7,7,command_4_3383,5,3.9822773933410645
V0_minus_V5,7,8,command_5_323,0,4.067451477050781
V0_minus_V5,7,8,command_5_323,1,3.739513635635376
V0_minus_V5,7,8,command_5_323,2,3.9279370307922363
V0_minus_V5,7,8,command_5_323,3,3.9144458770751953
V0_minus_V5,7,8,command_5_323,4,4.002765655517578
V0_minus_V5,7,8,command_5_323,5,3.9678826332092285
V0_minus_V5,7,9,command_6_2550,0,3.157627582550049
V0_minus_V5,7,9,command_6_2550,1,3.3139383792877197
V0_minus_V5,7,9,command_6_2550,2,3.102512836456299
V0_minus_V5,7,9,command_6_2550,3,3.0345330238342285
V0_minus_V5,7,9,command_6_2550,4,3.2234811782836914
V0_minus_V5,7,9,command_6_2550,5,3.17148756980896
V0_minus_V5,7,10,command_7_6896,0,2.185945510864258
V0_minus_V5,7,10,command_7_6896,1,2.2717134952545166
V0_minus_V5,7,10,command_7_6896,2,2.0888164043426514
V0_minus_V5,7,10,command_7_6896,3,2.0334067344665527
V0_minus_V5,7,10,command_7_6896,4,2.125946283340454
V0_minus_V5,7,10,command_7_6896,5,2.108130693435669
V0_minus_V5,7,11,embedded_im_end_marker_confounded,0,3.1421103477478027
V0_minus_V5,7,11,embedded_im_end_marker_confounded,1,3.9007997512817383
V0_minus_V5,7,11,embedded_im_end_marker_confounded,2,3.300693988800049
V0_minus_V5,7,11,embedded_im_end_marker_confounded,3,3.0482263565063477
V0_minus_V5,7,11,embedded_im_end_marker_confounded,4,3.031001091003418
V0_minus_V5,7,11,embedded_im_end_marker_confounded,5,3.0936856269836426
V0_minus_V5,8,0,embedded_im_start,0,0.0
V0_minus_V5,8,0,embedded_im_start,1,0.0
V0_minus_V5,8,0,embedded_im_start,2,0.0
V0_minus_V5,8,0,embedded_im_start,3,0.0
V0_minus_V5,8,0,embedded_im_start,4,0.0
V0_minus_V5,8,0,embedded_im_start,5,0.0
V0_minus_V5,8,1,role_token,0,44.372806549072266
V0_minus_V5,8,1,role_token,1,44.194278717041016
V0_minus_V5,8,1,role_token,2,44.171417236328125
V0_minus_V5,8,1,role_token,3,43.311737060546875
V0_minus_V5,8,1,role_token,4,43.85293960571289
V0_minus_V5,8,1,role_token,5,42.78386306762695
V0_minus_V5,8,2,post_role_newline,0,18.802919387817383
V0_minus_V5,8,2,post_role_newline,1,18.27922821044922
V0_minus_V5,8,2,post_role_newline,2,18.458505630493164
V0_minus_V5,8,2,post_role_newline,3,18.621625900268555
V0_minus_V5,8,2,post_role_newline,4,19.63596534729004
V0_minus_V5,8,2,post_role_newline,5,18.69373893737793
V0_minus_V5,8,3,command_0_12497,0,9.024506568908691
V0_minus_V5,8,3,command_0_12497,1,9.029370307922363
V0_minus_V5,8,3,command_0_12497,2,9.191136360168457
V0_minus_V5,8,3,command_0_12497,3,8.807657241821289
V0_minus_V5,8,3,command_0_12497,4,8.982946395874023
V0_minus_V5,8,3,command_0_12497,5,8.952354431152344
V0_minus_V5,8,4,command_1_279,0,4.527359962463379
V0_minus_V5,8,4,command_1_279,1,4.460086822509766
V0_minus_V5,8,4,command_1_279,2,4.80458402633667
V0_minus_V5,8,4,command_1_279,3,4.843860626220703
V0_minus_V5,8,4,command_1_279,4,4.736068248748779
V0_minus_V5,8,4,command_1_279,5,4.81648588180542
V0_minus_V5,8,5,command_2_28285,0,3.4057512283325195
V0_minus_V5,8,5,command_2_28285,1,3.372122287750244
V0_minus_V5,8,5,command_2_28285,2,3.259680986404419
V0_minus_V5,8,5,command_2_28285,3,3.436798334121704
V0_minus_V5,8,5,command_2_28285,4,3.37878155708313
V0_minus_V5,8,5,command_2_28285,5,3.4314208030700684
V0_minus_V5,8,6,command_3_2022,0,5.72443962097168
V0_minus_V5,8,6,command_3_2022,1,5.464854717254639
V0_minus_V5,8,6,command_3_2022,2,5.552308082580566
V0_minus_V5,8,6,command_3_2022,3,5.705445766448975
V0_minus_V5,8,6,command_3_2022,4,5.555175304412842
V0_minus_V5,8,6,command_3_2022,5,5.556374549865723
V0_minus_V5,8,7,command_4_3383,0,4.729841709136963
V0_minus_V5,8,7,command_4_3383,1,4.368112087249756
V0_minus_V5,8,7,command_4_3383,2,4.801380157470703
V0_minus_V5,8,7,command_4_3383,3,4.550294399261475
V0_minus_V5,8,7,command_4_3383,4,4.688513278961182
V0_minus_V5,8,7,command_4_3383,5,4.665238857269287
V0_minus_V5,8,8,command_5_323,0,5.017904758453369
V0_minus_V5,8,8,command_5_323,1,4.8356170654296875
V0_minus_V5,8,8,command_5_323,2,4.969711780548096
V0_minus_V5,8,8,command_5_323,3,4.995163440704346
V0_minus_V5,8,8,command_5_323,4,5.197813510894775
V0_minus_V5,8,8,command_5_323,5,5.065677165985107
V0_minus_V5,8,9,command_6_2550,0,4.094466209411621
V0_minus_V5,8,9,command_6_2550,1,4.118420124053955
V0_minus_V5,8,9,command_6_2550,2,4.00510311126709
V0_minus_V5,8,9,command_6_2550,3,3.9883463382720947
V0_minus_V5,8,9,command_6_2550,4,4.193777084350586
V0_minus_V5,8,9,command_6_2550,5,4.018296241760254
V0_minus_V5,8,10,command_7_6896,0,2.975759983062744
V0_minus_V5,8,10,command_7_6896,1,3.011183500289917
V0_minus_V5,8,10,command_7_6896,2,2.83624005317688
V0_minus_V5,8,10,command_7_6896,3,2.8016204833984375
V0_minus_V5,8,10,command_7_6896,4,2.98758864402771
V0_minus_V5,8,10,command_7_6896,5,2.891083002090454
V0_minus_V5,8,11,embedded_im_end_marker_confounded,0,4.138571739196777
V0_minus_V5,8,11,embedded_im_end_marker_confounded,1,4.798069000244141
V0_minus_V5,8,11,embedded_im_end_marker_confounded,2,4.337738037109375
V0_minus_V5,8,11,embedded_im_end_marker_confounded,3,4.303294658660889
V0_minus_V5,8,11,embedded_im_end_marker_confounded,4,4.563467025756836
V0_minus_V5,8,11,embedded_im_end_marker_confounded,5,4.300815582275391
