text_index,layer,token_index,token,user_probability,assistant_probability,tool_probability
0,8,0,Sum,0.940152108669281,1.2538373084680643e-05,0.05983530730009079
0,8,1,mar,0.9192672967910767,1.4990917406976223e-05,0.08071772754192352
0,8,2,ize,0.8692359924316406,1.5683526726206765e-05,0.13074833154678345
0,8,3, the,0.8815338015556335,3.608668703236617e-05,0.11843010038137436
0,8,4, main,0.9967934489250183,2.311466460014344e-06,0.003204242093488574
0,8,5, argument,0.9875279068946838,0.00011219647421967238,0.012359953485429287
0,8,6, of,0.998828113079071,4.570323199004633e-06,0.0011674131965264678
0,8,7, this,0.34177878499031067,7.379912858596072e-06,0.6582138538360596
0,8,8, passage,0.21584436297416687,8.537698886357248e-05,0.7840702533721924
0,8,9, in,0.9246540665626526,2.0508230136329075e-07,0.07534566521644592
0,8,10, two,0.5241567492485046,4.834593170244261e-08,0.4758431315422058
0,8,11, sentences,0.15599404275417328,2.588841653050622e-06,0.8440033197402954
0,8,12,".
",0.4545009732246399,6.637095793848857e-06,0.5454923510551453
0,12,0,Sum,0.9982801675796509,0.00014626639313064516,0.0015735876513645053
0,12,1,mar,0.9992639422416687,0.0006851206999272108,5.10263089381624e-05
0,12,2,ize,0.9987590312957764,0.0006545309443026781,0.0005864912527613342
0,12,3, the,0.8711675405502319,0.0009974034037441015,0.12783510982990265
0,12,4, main,0.9971874356269836,0.00012744177365675569,0.0026851785369217396
0,12,5, argument,0.9398357272148132,0.010129198431968689,0.05003513768315315
0,12,6, of,0.949788510799408,0.0038712837267667055,0.04634026437997818
0,12,7, this,0.9736029505729675,9.562241757521406e-05,0.026301423087716103
0,12,8, passage,0.038517653942108154,0.01205097883939743,0.9494314193725586
0,12,9, in,0.9922580122947693,0.0018565286882221699,0.005885503254830837
0,12,10, two,0.9632327556610107,0.006605172995477915,0.030162081122398376
0,12,11, sentences,0.9252634644508362,0.029068317264318466,0.045668210834264755
0,12,12,".
",0.943263053894043,0.004336504731327295,0.05240051448345184
0,16,0,Sum,0.0010934427846223116,4.298865678720176e-05,0.9988635778427124
0,16,1,mar,0.9435694813728333,0.0009442116715945303,0.05548635497689247
0,16,2,ize,0.2833794951438904,0.006824910640716553,0.7097955346107483
0,16,3, the,0.005881649442017078,8.277508459286764e-05,0.9940356016159058
0,16,4, main,0.7307279109954834,3.5773395211435854e-05,0.26923632621765137
0,16,5, argument,0.9867204427719116,3.136351369903423e-05,0.013248075731098652
0,16,6, of,0.846978485584259,0.00012788918684236705,0.15289361774921417
0,16,7, this,0.04010162129998207,8.631133709968708e-07,0.959897518157959
0,16,8, passage,0.011391525156795979,7.209865088952938e-06,0.9886012673377991
0,16,9, in,0.566580593585968,5.991797661408782e-05,0.4333595037460327
0,16,10, two,0.9957417249679565,1.8518336219131015e-05,0.004239791538566351
0,16,11, sentences,0.09683991968631744,0.03295299783349037,0.8702070713043213
0,16,12,".
",0.11535296589136124,0.00021298634237609804,0.8844341039657593
1,8,0,Please,0.9805825352668762,0.0001606121804798022,0.01925688236951828
1,8,1, list,0.7664873600006104,2.0981581201340305e-06,0.23351049423217773
1,8,2, three,0.9931172132492065,1.3023848168813856e-06,0.006881460547447205
1,8,3, inexpensive,0.03462088853120804,7.324376383621711e-06,0.9653717875480652
1,8,4, meals,0.7397635579109192,5.4717074817745015e-06,0.2602309584617615
1,8,5, I,0.9562462568283081,5.7160159485647455e-05,0.04369668290019035
1,8,6, can,0.9257179498672485,1.1458566405053716e-05,0.07427053898572922
1,8,7, prepare,0.03399931266903877,5.279264587443322e-05,0.9659478664398193
1,8,8, in,0.16891658306121826,2.0880584997939877e-05,0.8310624957084656
1,8,9, under,0.2684280574321747,2.3076731849869248e-06,0.7315696477890015
1,8,10, thirty,0.9976575374603271,7.5866760198550764e-06,0.0023348049726337194
1,8,11, minutes,0.902062177658081,4.535043626674451e-05,0.09789242595434189
1,8,12,".
",0.6069157719612122,0.00782853178679943,0.38525569438934326
1,12,0,Please,0.9999891519546509,1.82670146386954e-06,9.039089491125196e-06
1,12,1, list,0.9950971007347107,0.000724266457837075,0.004178591538220644
1,12,2, three,0.9747490882873535,0.003086438402533531,0.022164402529597282
1,12,3, inexpensive,0.9702417254447937,0.0025659219827502966,0.027192305773496628
1,12,4, meals,0.9694106578826904,0.0001346666249446571,0.03045467473566532
1,12,5, I,0.9966554641723633,8.529642946086824e-05,0.003259271616116166
1,12,6, can,0.9999217987060547,2.1504247342818417e-05,5.6698303524171934e-05
1,12,7, prepare,0.9281265139579773,0.000751845131162554,0.0711216852068901
1,12,8, in,0.2075175791978836,0.0014611720107495785,0.7910212874412537
1,12,9, under,0.8352605700492859,0.007924787700176239,0.15681464970111847
1,12,10, thirty,0.8988767266273499,0.025467727333307266,0.075655497610569
1,12,11, minutes,0.8515053391456604,0.001667294418439269,0.14682738482952118
1,12,12,".
",0.9882291555404663,0.0003690832236316055,0.011401739902794361
1,16,0,Please,0.09100939333438873,0.00014678132720291615,0.9088438749313354
1,16,1, list,0.0736471563577652,0.0023042531684041023,0.9240485429763794
1,16,2, three,0.8048011064529419,0.0008521054987795651,0.19434672594070435
1,16,3, inexpensive,0.9849093556404114,0.0009292915929108858,0.014161339029669762
1,16,4, meals,0.9809669256210327,0.0008079688996076584,0.018225165084004402
1,16,5, I,0.14483614265918732,8.417713979724795e-05,0.855079710483551
1,16,6, can,0.990246057510376,3.6310557334218174e-05,0.009717543609440327
1,16,7, prepare,0.9533735513687134,0.0001787892251741141,0.04644767567515373
1,16,8, in,0.6008744239807129,0.00012712748139165342,0.398998498916626
1,16,9, under,0.9949489831924438,5.352119478629902e-05,0.004997543524950743
1,16,10, thirty,0.9796121716499329,6.664128886768594e-05,0.020321140065789223
1,16,11, minutes,0.7728499174118042,0.0007327324128709733,0.2264173924922943
1,16,12,".
",0.9831780791282654,0.0027548070065677166,0.014067159965634346
2,8,0,Ex,0.7216063737869263,0.00012402349966578186,0.278269499540329
2,8,1,plain,0.6632298231124878,0.0007525128894485533,0.3360176682472229
2,8,2, why,0.999957799911499,2.2479719474777227e-10,4.2180145101156086e-05
2,8,3, the,0.8056470155715942,4.5014488136985165e-07,0.19435249269008636
2,8,4, sky,0.02114531584084034,9.485214832238853e-06,0.9788451790809631
2,8,5, appears,0.6806624531745911,8.739352210795914e-07,0.3193366527557373
2,8,6, blue,0.3404289484024048,2.404790500065701e-08,0.6595709919929504
2,8,7, during,0.37458398938179016,4.1469203182487036e-08,0.6254159808158875
2,8,8, the,0.013464217074215412,3.2086472856462933e-07,0.9865354895591736
2,8,9, day,0.24859528243541718,9.462066373089328e-06,0.7513952255249023
2,8,10,".
",0.3129943013191223,0.0002998163690790534,0.6867058873176575
2,12,0,Ex,0.9771859645843506,0.00034118277835659683,0.022472795099020004
2,12,1,plain,0.988058865070343,0.007077207788825035,0.004864010494202375
2,12,2, why,0.998370349407196,0.0007755071856081486,0.0008541985298506916
2,12,3, the,0.9842489361763,0.0004607433802448213,0.015290360897779465
2,12,4, sky,0.9986679553985596,0.00011799535423051566,0.0012140371836721897
2,12,5, appears,0.9993170499801636,0.0006472378154285252,3.577324969228357e-05
2,12,6, blue,0.9992109537124634,0.0006797323003411293,0.00010925709648290649
2,12,7, during,0.9994292855262756,1.581607102707494e-05,0.0005548982881009579
2,12,8, the,0.9988431930541992,7.473169716831762e-06,0.001149244257248938
2,12,9, day,0.999948263168335,1.0336177183489781e-05,4.131967216380872e-05
2,12,10,".
",0.9901202917098999,0.004769802093505859,0.005109960213303566
2,16,0,Ex,1.7405203834641725e-05,6.190986459841952e-05,0.9999207258224487
2,16,1,plain,0.5331072807312012,0.0035425627138465643,0.46335020661354065
2,16,2, why,0.8234952688217163,0.001196807948872447,0.17530794441699982
2,16,3, the,0.002790032187476754,0.00013879642938263714,0.9970711469650269
2,16,4, sky,0.6365021467208862,0.006573052145540714,0.35692477226257324
2,16,5, appears,0.005982579663395882,0.05124715715646744,0.9427703022956848
2,16,6, blue,0.6237999796867371,0.00792491715401411,0.36827507615089417
2,16,7, during,0.11127251386642456,1.7404800018994138e-05,0.888710081577301
2,16,8, the,0.000879338476806879,1.4023906942384201e-06,0.999119222164154
2,16,9, day,0.0039522685110569,8.756870374782011e-05,0.9959601759910583
2,16,10,".
",0.7489688396453857,0.0015020737191662192,0.24952912330627441
3,8,0,Rew,0.9474334716796875,1.9596791389631107e-05,0.05254692584276199
3,8,1,rite,0.878472089767456,0.00016498658806085587,0.12136295437812805
3,8,2, this,2.6131960112252273e-05,6.790601037209854e-05,0.9999059438705444
3,8,3, paragraph,0.0007233974756672978,3.5050623409915715e-05,0.9992415904998779
3,8,4, in,0.9428301453590393,5.623467131954385e-07,0.05716925859451294
3,8,5, a,0.5673912763595581,2.2412695699358665e-08,0.4326087236404419
3,8,6, more,0.12120024859905243,1.135827218945451e-07,0.8787996172904968
3,8,7, formal,0.0036960134748369455,3.29107278957963e-05,0.996271014213562
3,8,8, and,0.9551954865455627,7.576485927529575e-07,0.044803738594055176
3,8,9, concise,0.01177532970905304,0.0005114611703902483,0.9877132177352905
3,8,10, style,0.040724944323301315,0.00015849027840886265,0.9591165781021118
3,8,11,".
",6.0994621890131384e-05,0.00015514147526118904,0.9997839331626892
3,12,0,Rew,0.9969844222068787,9.512202086625621e-05,0.0029204809106886387
3,12,1,rite,0.9999775886535645,2.052774652838707e-05,1.9383996914257295e-06
3,12,2, this,0.99748295545578,5.9299098211340606e-05,0.0024577281437814236
3,12,3, paragraph,0.9889411330223083,0.0063082994893193245,0.004750560503453016
3,12,4, in,0.9260239005088806,0.0027471676003187895,0.07122886180877686
3,12,5, a,0.9991693496704102,4.919337879982777e-05,0.0007814583368599415
3,12,6, more,0.9996055960655212,0.00032827226095832884,6.618308543693274e-05
3,12,7, formal,0.9624168276786804,0.02184007503092289,0.015743134543299675
3,12,8, and,0.9970616698265076,0.00010945484245894477,0.002828853437677026
3,12,9, concise,0.10195952653884888,0.21936124563217163,0.6786792278289795
3,12,10, style,0.5234935283660889,0.05892115831375122,0.4175852835178375
3,12,11,".
",0.021119406446814537,0.013828947208821774,0.9650516510009766
3,16,0,Rew,4.4614503167395014e-06,2.112692891387269e-05,0.9999743700027466
3,16,1,rite,0.050297874957323074,0.0002385148691246286,0.9494636058807373
3,16,2, this,0.1531982570886612,2.8811176889576018e-05,0.8467729687690735
3,16,3, paragraph,0.07233094424009323,5.9199501265538856e-05,0.9276098608970642
3,16,4, in,0.735080361366272,6.420214776881039e-05,0.26485541462898254
3,16,5, a,0.9602481722831726,1.4084536815062165e-05,0.039737727493047714
3,16,6, more,0.4606487452983856,0.0030690645799040794,0.5362821817398071
3,16,7, formal,0.45208612084388733,0.005322182551026344,0.5425916314125061
3,16,8, and,0.9914652705192566,8.808960410533473e-05,0.008446679450571537
3,16,9, concise,0.0818525105714798,0.0004883492947556078,0.9176591634750366
3,16,10, style,0.5725269913673401,0.00017100699187722057,0.42730194330215454
3,16,11,".
",0.007681246381253004,9.725699783302844e-05,0.9922215342521667
4,8,0,Calculate,0.7575160264968872,0.00021523900795727968,0.24226874113082886
4,8,1, the,0.27409276366233826,0.009120969101786613,0.7167862057685852
4,8,2, total,0.9981277585029602,9.95897721622896e-07,0.001871350221335888
4,8,3, cost,0.09751178324222565,8.743847865844145e-05,0.9024007320404053
4,8,4, after,0.2864944338798523,8.005461859283969e-05,0.7134255170822144
4,8,5, applying,0.9997783303260803,3.685578064960282e-08,0.0002217172150267288
4,8,6, a,0.999751627445221,1.0292130703248858e-08,0.00024836102966219187
4,8,7, fifteen,0.9853479266166687,7.770241836624336e-07,0.014651289209723473
4,8,8, percent,0.9967648983001709,1.8244311617010567e-09,0.003235103562474251
4,8,9, discount,0.9993321299552917,1.711782826596675e-09,0.0006678317440673709
4,8,10,".
",0.5581863522529602,0.00022892950801178813,0.4415847063064575
4,12,0,Calculate,0.9961990714073181,0.00024977486464194953,0.0035512237809598446
4,12,1, the,0.9979360103607178,0.00038742838660255075,0.001676587969996035
4,12,2, total,0.9999648332595825,2.3327018425334245e-05,1.1827512935269624e-05
4,12,3, cost,0.9998106360435486,0.00015571630501654,3.375556116225198e-05
4,12,4, after,0.9999667406082153,1.9485307348077185e-05,1.386460462526884e-05
4,12,5, applying,0.9916194677352905,0.0011971958447247744,0.007183259818702936
4,12,6, a,0.9992515444755554,7.064047531457618e-05,0.0006777778617106378
4,12,7, fifteen,0.9979395270347595,4.721632194559788e-06,0.0020557499956339598
4,12,8, percent,0.9989567995071411,1.7065249267034233e-05,0.001026142155751586
4,12,9, discount,0.9997648596763611,7.320278655242873e-06,0.00022788623755332083
4,12,10,".
",0.9411291480064392,0.004969083704054356,0.05390175059437752
4,16,0,Calculate,0.039064258337020874,2.3717619114904664e-05,0.9609119892120361
4,16,1, the,0.31172218918800354,5.2071569371037185e-05,0.6882256865501404
4,16,2, total,0.8515224456787109,0.0001660530542721972,0.14831151068210602
4,16,3, cost,0.9968067407608032,7.161159828683594e-06,0.003186143236234784
4,16,4, after,0.8775896430015564,1.1474892744445242e-05,0.12239887565374374
4,16,5, applying,0.07767491042613983,2.3023050744086504e-05,0.9223020076751709
4,16,6, a,0.8113927841186523,9.540531209495384e-07,0.18860621750354767
4,16,7, fifteen,0.9936258792877197,2.35003085435892e-07,0.006373849231749773
4,16,8, percent,0.9995014667510986,9.324349434791657e-07,0.000497522356454283
4,16,9, discount,0.9763893485069275,1.593733577465173e-05,0.023594675585627556
4,16,10,".
",0.969853937625885,6.28122450052615e-07,0.030145548284053802
5,8,0,Give,0.8683314323425293,9.377588867209852e-05,0.13157479465007782
5,8,1, me,0.0004274640523362905,0.00021606302470900118,0.9993564486503601
5,8,2, step,0.776279091835022,1.0535552064538933e-05,0.22371035814285278
5,8,3,-by,0.9965116381645203,5.893705383641645e-05,0.0034294885117560625
5,8,4,-step,0.028415987268090248,2.9477072530426085e-05,0.9715545773506165
5,8,5, directions,0.033287227153778076,0.00018483688472770154,0.9665279388427734
5,8,6, for,0.9670201539993286,5.6153519835788757e-05,0.03292363882064819
5,8,7, changing,0.506678581237793,2.6690637241699733e-05,0.49329468607902527
5,8,8, a,0.7018663287162781,3.5506877793523017e-06,0.2981301546096802
5,8,9, bicycle,0.02723190374672413,0.0012725952547043562,0.971495509147644
5,8,10, tire,0.9999275207519531,2.834719055044843e-07,7.221024134196341e-05
5,8,11,".
",0.20654132962226868,0.0033777954522520304,0.7900809049606323
5,12,0,Give,0.9995937943458557,4.7302371967816725e-05,0.0003589144616853446
5,12,1, me,0.9993119239807129,2.1930829461780377e-05,0.0006661554216407239
5,12,2, step,0.9975144863128662,0.00012606612290255725,0.0023595024831593037
5,12,3,-by,0.9872987866401672,0.009273739531636238,0.0034274125937372446
5,12,4,-step,0.999961256980896,2.8856335120508447e-05,9.89159343589563e-06
5,12,5, directions,0.9998337030410767,4.544257899397053e-05,0.00012091551616322249
5,12,6, for,0.8339406251907349,0.0512450747191906,0.11481428146362305
5,12,7, changing,0.969767153263092,0.004889287054538727,0.025343602523207664
5,12,8, a,0.8665319085121155,0.022647522389888763,0.11082051694393158
5,12,9, bicycle,0.8507313132286072,0.005839027464389801,0.14342963695526123
5,12,10, tire,0.9925803542137146,4.440363045432605e-05,0.007375267334282398
5,12,11,".
",0.11483674496412277,0.017679370939731598,0.8674838542938232
5,16,0,Give,0.019821936264634132,0.00010926097456831485,0.9800688028335571
5,16,1, me,0.3947148621082306,0.0029623759910464287,0.6023227572441101
5,16,2, step,0.9544030427932739,0.0006205904064700007,0.04497632384300232
5,16,3,-by,0.9972544312477112,0.00025105036911554635,0.0024944536853581667
5,16,4,-step,0.9988831877708435,5.608717037830502e-05,0.0010606832802295685
5,16,5, directions,0.9960699081420898,7.325091428356245e-05,0.003856831695884466
5,16,6, for,0.061948005110025406,0.0032063182443380356,0.9348456859588623
5,16,7, changing,0.0002297327882843092,0.003802120452746749,0.9959681034088135
5,16,8, a,9.144069190369919e-05,0.0001127045979956165,0.9997958540916443
5,16,9, bicycle,0.18403565883636475,0.017061462625861168,0.7989028692245483
5,16,10, tire,0.0004913700395263731,0.004405032843351364,0.9951035976409912
5,16,11,".
",0.006955369375646114,0.006430285517126322,0.9866144061088562
6,8,0,Compare,0.9899347424507141,9.104566561290994e-05,0.009974200278520584
6,8,1, solar,0.16789282858371735,0.000449520128313452,0.8316576480865479
6,8,2, and,0.7474397420883179,3.127545278402977e-05,0.25252896547317505
6,8,3, wind,0.04358772188425064,1.749602051859256e-05,0.9563948512077332
6,8,4, power,0.043860871344804764,1.4131020179775078e-05,0.956125020980835
6,8,5, in,0.03080853633582592,0.00018723182438407093,0.9690042734146118
6,8,6, a,0.08769841492176056,2.8477008982008556e-06,0.9122987389564514
6,8,7, short,0.9688826203346252,1.611593916095444e-06,0.031115811318159103
6,8,8, table,0.9933591485023499,1.0972832420463874e-08,0.0066408514976501465
6,8,9,".
",0.9094913601875305,8.854977932060137e-05,0.09042005240917206
6,12,0,Compare,0.962273120880127,0.015789970755577087,0.02193698287010193
6,12,1, solar,0.028544055297970772,0.002409287728369236,0.9690467119216919
6,12,2, and,0.25375720858573914,0.012967685237526894,0.7332750558853149
6,12,3, wind,0.29327908158302307,2.5457804440520704e-05,0.7066954374313354
6,12,4, power,0.02859567478299141,0.0009396126843057573,0.9704647660255432
6,12,5, in,0.7445846199989319,0.001047975500114262,0.25436732172966003
6,12,6, a,0.980293869972229,2.5683206331450492e-05,0.019680405035614967
6,12,7, short,0.7394568920135498,0.014250973239541054,0.24629218876361847
6,12,8, table,0.9999822378158569,1.2298961848955514e-07,1.760322629706934e-05
6,12,9,".
",0.9876251816749573,3.5054090403718874e-05,0.012339727953076363
6,16,0,Compare,0.006918336730450392,9.695807966636494e-05,0.9929847717285156
6,16,1, solar,0.09009023755788803,0.0009408522164449096,0.9089689254760742
6,16,2, and,0.17108584940433502,0.0023848223499953747,0.826529324054718
6,16,3, wind,0.8946110606193542,0.004081828985363245,0.10130701214075089
6,16,4, power,0.9982183575630188,0.00012330489698797464,0.0016583397518843412
6,16,5, in,0.9934002161026001,6.060293344489764e-06,0.0065937344916164875
6,16,6, a,0.3808887302875519,2.803370625770185e-05,0.6190831661224365
6,16,7, short,0.582196056842804,0.017297010868787766,0.4005069136619568
6,16,8, table,0.6343687176704407,4.391885522636585e-05,0.36558735370635986
6,16,9,".
",0.990407407283783,3.423851012485102e-06,0.009589210152626038
7,8,0,Find,0.9534645676612854,8.394657197641209e-05,0.04645149037241936
7,8,1, the,0.7921749353408813,0.00447497284039855,0.20335008203983307
7,8,2, gramm,0.40278157591819763,0.0005041149561293423,0.5967142581939697
7,8,3,atical,0.9622679352760315,5.845623149980383e-07,0.03773147612810135
7,8,4, error,0.6906719207763672,7.61370247346349e-05,0.30925196409225464
7,8,5, in,0.7853184342384338,1.2966937674718793e-06,0.21468022465705872
7,8,6, this,0.0044230008497834206,1.9519090699304797e-07,0.9955768585205078
7,8,7, sentence,9.141020564129576e-05,2.6410391456010984e-06,0.9999059438705444
7,8,8, and,0.7406376600265503,3.7044361533844494e-07,0.25936198234558105
7,8,9, correct,0.35019031167030334,4.533272246476372e-08,0.6498095989227295
7,8,10, it,0.42671650648117065,8.039872767540146e-09,0.5732834935188293
7,8,11,".
",0.0003064099873881787,0.00039897210081107914,0.999294638633728
7,12,0,Find,0.9998181462287903,6.199385097716004e-05,0.00011996087414445356
7,12,1, the,0.999760091304779,7.089089194778353e-05,0.00016902314382605255
7,12,2, gramm,0.9978979825973511,4.581283428706229e-05,0.002056180266663432
7,12,3,atical,0.9996227025985718,2.3043365217745304e-05,0.0003542580525390804
7,12,4, error,0.9970487952232361,0.0017820728244259953,0.0011692000553011894
7,12,5, in,0.9996483325958252,2.8301548809395172e-05,0.00032340947655029595
7,12,6, this,0.9724956154823303,0.0007364036282524467,0.02676796354353428
7,12,7, sentence,0.9651736617088318,0.004114454612135887,0.03071182407438755
7,12,8, and,0.9990560412406921,0.00013043386570643634,0.000813523365650326
7,12,9, correct,0.9997137188911438,0.00016410843818448484,0.0001221931161126122
7,12,10, it,0.9746909141540527,0.019712073728442192,0.005597023759037256
7,12,11,".
",0.35724493861198425,0.011060355231165886,0.6316947340965271
7,16,0,Find,0.02712777443230152,1.0587654287519399e-05,0.9728615880012512
7,16,1, the,0.7689746618270874,1.1149534657306504e-05,0.2310141772031784
7,16,2, gramm,0.06647587567567825,9.852123184828088e-05,0.9334256052970886
7,16,3,atical,0.023746643215417862,1.864985165411781e-06,0.976251482963562
7,16,4, error,0.1709686815738678,0.000815525942016393,0.8282158374786377
7,16,5, in,0.0457959920167923,7.96254062152002e-06,0.9541959762573242
7,16,6, this,0.1779092252254486,5.732494514631981e-07,0.8220902681350708
7,16,7, sentence,0.2958511412143707,9.681397204985842e-05,0.7040520310401917
7,16,8, and,0.2288566678762436,0.00018345243006478995,0.7709599137306213
7,16,9, correct,0.7842682003974915,0.00397444935515523,0.21175740659236908
7,16,10, it,0.0013370522065088153,0.00012803672871086746,0.9985349178314209
7,16,11,".
",0.001572635374031961,0.00013325289182830602,0.9982941746711731
8,8,0,Draft,0.4566577970981598,0.0003148914547637105,0.5430272817611694
8,8,1, a,0.085311159491539,0.013353503309190273,0.9013352990150452
8,8,2, polite,0.011040790937840939,0.025672106072306633,0.9632871747016907
8,8,3, email,0.0001338299480266869,0.00655101053416729,0.9933151602745056
8,8,4, asking,0.025556648150086403,6.324752030195668e-05,0.9743801355361938
8,8,5, to,0.0020439468789845705,0.2746829390525818,0.7232730984687805
8,8,6, res,0.0011534736258909106,4.922216976410709e-05,0.9987972974777222
8,8,7,chedule,0.0008496970986016095,0.00017937578377313912,0.9989709854125977
8,8,8, tomorrow,0.0016144516412168741,0.00023341817723121494,0.9981520771980286
8,8,9,'s,0.0009970238897949457,0.001385830226354301,0.9976170659065247
8,8,10, meeting,0.000731616688426584,0.0005492069758474827,0.9987192153930664
8,8,11,".
",0.0016308921622112393,0.0024912026710808277,0.9958778619766235
8,12,0,Draft,0.9958106279373169,0.0017166995676234365,0.0024727522395551205
8,12,1, a,0.9758259654045105,0.00635520601645112,0.017818806692957878
8,12,2, polite,0.9552809000015259,0.03900454193353653,0.005714511498808861
8,12,3, email,0.9801405072212219,0.01480867899954319,0.005050891079008579
8,12,4, asking,0.9794169068336487,0.007052288390696049,0.013530861586332321
8,12,5, to,0.9714730978012085,0.0006956254364922643,0.027831196784973145
8,12,6, res,0.9548824429512024,6.186693644849584e-05,0.04505568742752075
8,12,7,chedule,0.5649886727333069,0.0003628703416325152,0.43464845418930054
8,12,8, tomorrow,0.9999040365219116,3.868079511448741e-05,5.722383866668679e-05
8,12,9,'s,0.9369449615478516,0.0001509258581791073,0.06290414184331894
8,12,10, meeting,0.21485574543476105,9.345621219836175e-05,0.7850508093833923
8,12,11,".
",0.5574507117271423,0.012343802489340305,0.43020546436309814
8,16,0,Draft,0.08372323960065842,0.0007411380647681653,0.9155356287956238
8,16,1, a,0.015004966408014297,0.0021073746029287577,0.9828876256942749
8,16,2, polite,0.9219253659248352,0.001025091391056776,0.07704956084489822
8,16,3, email,0.993765115737915,0.003590553067624569,0.002644224790856242
8,16,4, asking,0.016170402988791466,0.005533700808882713,0.9782959818840027
8,16,5, to,0.5522822141647339,0.0002799207577481866,0.4474378824234009
8,16,6, res,0.0797043964266777,0.0039115604013204575,0.9163840413093567
8,16,7,chedule,0.04685235396027565,0.004852322395890951,0.9482952952384949
8,16,8, tomorrow,0.9791836142539978,0.00022158688807394356,0.020594850182533264
8,16,9,'s,0.7482323050498962,0.00017512643535155803,0.25159260630607605
8,16,10, meeting,0.004121660254895687,0.0003351151244714856,0.9955431818962097
8,16,11,".
",0.7560539245605469,0.0007785021443851292,0.24316754937171936
9,8,0,What,0.8368826508522034,0.00046991195995360613,0.16264748573303223
9,8,1, are,0.9999910593032837,5.736989550086946e-09,8.886841897037812e-06
9,8,2, the,0.999440610408783,2.3966769731487148e-05,0.0005354042514227331
9,8,3, main,0.9833431243896484,0.00015477211854886264,0.01650211401283741
9,8,4, differences,0.6129719614982605,0.0006693132454529405,0.38635876774787903
9,8,5, between,0.7835760116577148,0.0020383226219564676,0.21438570320606232
9,8,6, RAM,1.2133266864111647e-05,0.0009452950907871127,0.9990425705909729
9,8,7, and,0.011857942678034306,0.005218507722020149,0.9829235672950745
9,8,8, disk,0.001462698681280017,0.0015545324422419071,0.996982753276825
9,8,9, storage,2.8084443329134956e-05,0.00012304872507229447,0.9998488426208496
9,8,10,"?
",0.6952542066574097,0.013904083520174026,0.29084163904190063
9,12,0,What,0.7998164892196655,0.003965409472584724,0.1962181031703949
9,12,1, are,0.8151443600654602,0.0011634257389232516,0.18369221687316895
9,12,2, the,0.9278604388237,0.005472053308039904,0.06666753441095352
9,12,3, main,0.6268907785415649,0.01480021420866251,0.3583090007305145
9,12,4, differences,0.9718045592308044,0.001025477540679276,0.02716996520757675
9,12,5, between,0.010162417776882648,0.003878269111737609,0.9859593510627747
9,12,6, RAM,0.08911027014255524,0.0025577028281986713,0.9083320498466492
9,12,7, and,0.0034155622124671936,0.004885664209723473,0.9916987419128418
9,12,8, disk,0.1422966718673706,0.0001828753884183243,0.8575204610824585
9,12,9, storage,0.017340337857604027,0.0003018798597622663,0.9823578596115112
9,12,10,"?
",0.8681492805480957,0.0004119976074434817,0.13143868744373322
9,16,0,What,2.675242512850673e-06,5.030748525314266e-06,0.9999922513961792
9,16,1, are,0.0005194256664253771,0.000132617904455401,0.999347984790802
9,16,2, the,0.0033793170005083084,0.00010511897562537342,0.9965155124664307
9,16,3, main,0.008910317905247211,5.2389197662705556e-05,0.9910372495651245
9,16,4, differences,0.8308089971542358,0.00022598140640184283,0.16896499693393707
9,16,5, between,6.833783118054271e-05,5.552064976654947e-05,0.9998761415481567
9,16,6, RAM,0.359772264957428,0.06200331822037697,0.5782244205474854
9,16,7, and,0.1857943832874298,0.001697951345704496,0.812507688999176
9,16,8, disk,0.1435578465461731,0.0031768777407705784,0.8532652854919434
9,16,9, storage,0.8152698874473572,0.00235746125690639,0.18237262964248657
9,16,10,"?
",0.9323832392692566,8.131536742439494e-05,0.0675353854894638
10,8,0,Recommend,0.10559023171663284,0.0013189405435696244,0.8930909037590027
10,8,1, five,0.96930992603302,0.00023750029504299164,0.030452562496066093
10,8,2, books,0.0008566780597902834,0.001399886328727007,0.9977434873580933
10,8,3, for,0.18996752798557281,0.006799184717237949,0.8032333254814148
10,8,4, someone,0.00046662960085086524,1.7117454262916e-05,0.9995162487030029
10,8,5, learning,0.0007958690985105932,1.914553649839945e-06,0.9992021918296814
10,8,6, about,0.000143350989674218,1.058695715983049e-06,0.9998555183410645
10,8,7, ancient,0.0001569231681060046,7.96879394329153e-05,0.9997634291648865
10,8,8, Rome,0.09416388720273972,0.004357378929853439,0.9014787077903748
10,8,9,".
",0.26962611079216003,0.03359686955809593,0.6967769861221313
10,12,0,Recommend,0.9935091137886047,0.0007573078037239611,0.005733633413910866
10,12,1, five,0.9811816811561584,0.012801341712474823,0.006016937550157309
10,12,2, books,0.9364607930183411,0.004590647295117378,0.05894853174686432
10,12,3, for,0.9268726110458374,0.011309309862554073,0.06181811913847923
10,12,4, someone,0.6691669225692749,0.0053798663429915905,0.3254532814025879
10,12,5, learning,0.7899907827377319,0.0026327259838581085,0.20737648010253906
10,12,6, about,0.7104278206825256,0.0014781394274905324,0.28809401392936707
10,12,7, ancient,0.04280444234609604,0.002101465594023466,0.9550941586494446
10,12,8, Rome,0.018676437437534332,0.0014600333524867892,0.9798635840415955
10,12,9,".
",0.9617205262184143,0.0006737298099324107,0.037605687975883484
10,16,0,Recommend,0.015491154044866562,0.0022902574855834246,0.9822185635566711
10,16,1, five,0.5438711643218994,0.005512399133294821,0.45061641931533813
10,16,2, books,0.06848668307065964,0.00639779819175601,0.9251155257225037
10,16,3, for,0.0006099678575992584,0.00014933833153918386,0.9992407560348511
10,16,4, someone,0.005508133675903082,0.00455491291359067,0.9899369478225708
10,16,5, learning,0.0023067700676620007,8.030734898056835e-05,0.9976129531860352
10,16,6, about,0.000385887804441154,5.3215018851915374e-05,0.9995608925819397
10,16,7, ancient,0.00023371684073936194,0.0007486324175260961,0.999017596244812
10,16,8, Rome,0.002413907554000616,0.008273766376078129,0.9893123507499695
10,16,9,".
",0.022808240726590157,0.0021083266474306583,0.9750834703445435
11,8,0,Convert,0.911003828048706,4.7664376324974e-05,0.08894844353199005
11,8,1, these,0.004870274104177952,3.2986401492962614e-05,0.995096743106842
11,8,2, measurements,0.9726824760437012,3.449237510722014e-06,0.027314037084579468
11,8,3, from,0.9939513206481934,2.7414009196036204e-07,0.006048423703759909
11,8,4, inches,0.8874614834785461,5.140931875757815e-07,0.11253797262907028
11,8,5, to,0.9699046015739441,2.851998942787759e-06,0.0300925113260746
11,8,6, cent,0.907371997833252,1.8310004179511452e-06,0.092626191675663
11,8,7,imet,0.9968960285186768,9.308271842201066e-08,0.0031038958113640547
11,8,8,res,0.8956165313720703,8.369649435735482e-07,0.10438262671232224
11,8,9,".
",0.025836871936917305,0.004139062948524952,0.970024049282074
11,12,0,Convert,0.9919776916503906,0.001225253101438284,0.0067970785312354565
11,12,1, these,0.9987970590591431,2.199093250965234e-05,0.0011809354182332754
11,12,2, measurements,0.9893219470977783,0.0004756871494464576,0.010202422738075256
11,12,3, from,0.9999035596847534,3.5054597447015112e-06,9.300723468186334e-05
11,12,4, inches,0.9531031847000122,1.8614628061186522e-05,0.0468781553208828
11,12,5, to,0.421598345041275,0.0007700270507484674,0.5776316523551941
11,12,6, cent,0.9993311166763306,4.3164752128177497e-07,0.0006684057880192995
11,12,7,imet,0.9930967688560486,4.513224780566816e-07,0.00690270634368062
11,12,8,res,0.999995231628418,3.814023941117739e-08,4.808195626537781e-06
11,12,9,".
",0.11221242696046829,0.001507300534285605,0.8862802386283875
11,16,0,Convert,0.002070828340947628,1.8341917893849313e-05,0.9979107975959778
11,16,1, these,0.008035920560359955,1.7730786794345477e-06,0.9919623732566833
11,16,2, measurements,0.9906705617904663,2.1722205929108895e-05,0.009307753294706345
11,16,3, from,0.8994587659835815,7.897429895820096e-06,0.10053329169750214
11,16,4, inches,0.9991918206214905,4.7237193712135195e-07,0.0008077629609033465
11,16,5, to,0.16881683468818665,0.00013260381820145994,0.8310505747795105
11,16,6, cent,0.9939693212509155,7.417636425088858e-06,0.006023176945745945
11,16,7,imet,0.8375440835952759,1.1070862456108443e-05,0.1624448597431183
11,16,8,res,0.9998434782028198,4.606837578080558e-08,0.00015654215530958027
11,16,9,".
",0.990164577960968,1.2241074500707327e-06,0.00983421690762043
12,8,0,Ident,0.9776028990745544,0.00015078781871125102,0.022246278822422028
12,8,1,ify,0.9510154724121094,0.0007533471216447651,0.04823118820786476
12,8,2, the,0.5623106956481934,0.0017436464549973607,0.43594563007354736
12,8,3, strongest,0.4895554780960083,0.0019804518669843674,0.5084640383720398
12,8,4, evidence,0.9745036363601685,1.7291304175159894e-05,0.025479132309556007
12,8,5, supporting,0.6029665470123291,0.0006247056880965829,0.39640870690345764
12,8,6, the,0.03253784775733948,5.903529381612316e-05,0.9674031138420105
12,8,7, author,0.46367156505584717,0.00017507447046227753,0.5361534357070923
12,8,8,'s,0.691502034664154,2.0227023924235255e-05,0.3084777593612671
12,8,9, conclusion,0.1369827389717102,2.2697824533679523e-05,0.8629946112632751
12,8,10,".
",0.25000831484794617,0.0010144219268113375,0.7489772439002991
12,12,0,Ident,0.9957089424133301,2.8667718652286567e-05,0.004262375179678202
12,12,1,ify,0.9982837438583374,0.0002275931037729606,0.0014887431170791388
12,12,2, the,0.9963655471801758,0.00030200148466974497,0.0033323303796350956
12,12,3, strongest,0.849452793598175,0.004737258888781071,0.14580994844436646
12,12,4, evidence,0.9917312264442444,0.00030593329574912786,0.00796285830438137
12,12,5, supporting,0.9901202917098999,0.0005601185839623213,0.009319636039435863
12,12,6, the,0.9825031757354736,0.00017188332276418805,0.017324887216091156
12,12,7, author,0.9517529606819153,0.00023433366732206196,0.04801274463534355
12,12,8,'s,0.9923900961875916,0.0001476140459999442,0.007462217938154936
12,12,9, conclusion,0.9997602105140686,2.0456013771763537e-06,0.0002377873461227864
12,12,10,".
",0.9948019981384277,1.083490042219637e-05,0.005187264643609524
12,16,0,Ident,0.0016154107870534062,1.8467209883965552e-05,0.9983661770820618
12,16,1,ify,0.07970913499593735,7.974561594892293e-05,0.920211136341095
12,16,2, the,0.07733261585235596,6.018859858158976e-05,0.9226072430610657
12,16,3, strongest,0.21631744503974915,0.0004018654872197658,0.7832806706428528
12,16,4, evidence,0.7982288599014282,0.0004589706368278712,0.20131222903728485
12,16,5, supporting,0.7270300984382629,0.00033322180388495326,0.27263662219047546
12,16,6, the,0.017843937501311302,0.0001468159753130749,0.9820092916488647
12,16,7, author,0.1018153727054596,0.00032833879231475294,0.8978562355041504
12,16,8,'s,0.9191446900367737,9.479930440647877e-07,0.08085434883832932
12,16,9, conclusion,0.9814964532852173,2.4148157535819337e-06,0.01850101351737976
12,16,10,".
",0.6982520818710327,8.193530811695382e-05,0.3016660511493683
13,8,0,Create,0.9677911996841431,1.3714525266550481e-05,0.032195109874010086
13,8,1, a,0.8926119208335876,0.00023880561639089137,0.10714929550886154
13,8,2, one,0.1806061714887619,3.834722519968636e-05,0.8193554878234863
13,8,3,-week,0.4894339442253113,0.043862804770469666,0.46670326590538025
13,8,4, study,0.06069164350628853,0.00045759353088214993,0.9388507604598999
13,8,5, schedule,0.32521119713783264,0.019561193883419037,0.6552276015281677
13,8,6, for,0.4167187511920929,0.008295116014778614,0.5749861001968384
13,8,7, my,0.1861279457807541,0.0006464018952101469,0.8132256269454956
13,8,8, chemistry,0.06045062839984894,0.00026732555124908686,0.9392820596694946
13,8,9, exam,0.002147132996469736,1.950095065694768e-05,0.9978333115577698
13,8,10,".
",0.878892719745636,0.00019445415819063783,0.1209128350019455
13,12,0,Create,0.9667372107505798,0.0008661623578518629,0.03239662945270538
13,12,1, a,0.9875539541244507,0.0003293787012808025,0.012116690166294575
13,12,2, one,0.9645206928253174,0.0030290046706795692,0.0324503518640995
13,12,3,-week,0.9996781349182129,0.00019243641872890294,0.00012947124196216464
13,12,4, study,0.9998289346694946,1.3849136848875787e-05,0.0001571859756950289
13,12,5, schedule,0.9999666213989258,5.442063411464915e-06,2.7885895178769715e-05
13,12,6, for,0.9546176195144653,0.007098662666976452,0.03828367218375206
13,12,7, my,0.6489826440811157,0.003990997094660997,0.34702634811401367
13,12,8, chemistry,0.9765042662620544,2.8475078579504043e-05,0.023467225953936577
13,12,9, exam,0.4996996521949768,0.0057286471128463745,0.494571715593338
13,12,10,".
",0.9820367693901062,0.0010344579350203276,0.016928836703300476
13,16,0,Create,0.0007738564163446426,1.9007014998351224e-05,0.9992071986198425
13,16,1, a,0.020514216274023056,0.00014245962665881962,0.9793432950973511
13,16,2, one,0.00103869813028723,0.0004545928386505693,0.9985067248344421
13,16,3,-week,0.8860114812850952,0.00034805224277079105,0.11364053934812546
13,16,4, study,0.9072268605232239,6.034356920281425e-05,0.09271281957626343
13,16,5, schedule,0.9729629158973694,0.0032134330831468105,0.023823706433176994
13,16,6, for,0.028682278469204903,0.0011687885271385312,0.9701489210128784
13,16,7, my,0.06811323761940002,0.00014345250383485109,0.931743323802948
13,16,8, chemistry,0.8556201457977295,0.002161676064133644,0.14221817255020142
13,16,9, exam,0.10761050879955292,0.00024387518351431936,0.8921456336975098
13,16,10,".
",0.2860848605632782,0.0003649763239081949,0.7135501503944397
14,8,0,Tell,0.864471971988678,0.00026378294569440186,0.13526421785354614
14,8,1, me,0.07377078384160995,3.143670619465411e-05,0.9261977076530457
14,8,2, how,0.9556260704994202,5.983311439194949e-06,0.044367894530296326
14,8,3, to,0.990233302116394,1.663396034246034e-07,0.009766537696123123
14,8,4, remove,0.9709176421165466,2.5879220629576594e-05,0.029056405648589134
14,8,5, a,0.8485454320907593,1.2323856935836375e-05,0.15144218504428864
14,8,6, coffee,0.004561316687613726,4.057773912791163e-05,0.9953981041908264
14,8,7, stain,0.2129640430212021,3.4237666568515124e-06,0.7870324850082397
14,8,8, from,0.8795400261878967,3.304960955574643e-06,0.12045660614967346
14,8,9, a,0.6243909597396851,3.545522486092523e-05,0.3755735456943512
14,8,10, cotton,0.13602733612060547,0.00013684880104847252,0.863835871219635
14,8,11, shirt,0.44537073373794556,0.002784813055768609,0.5518444180488586
14,8,12,".
",0.2905399799346924,0.0036575680132955313,0.7058025002479553
14,12,0,Tell,0.9997836947441101,0.00010276514512952417,0.00011353486479492858
14,12,1, me,0.9993767142295837,5.568362666963367e-06,0.0006176635506562889
14,12,2, how,0.9840489625930786,0.0009860286954790354,0.014965110458433628
14,12,3, to,0.9972423315048218,0.00046206259867176414,0.002295596059411764
14,12,4, remove,0.7028080224990845,0.007046360522508621,0.2901456356048584
14,12,5, a,0.8706754446029663,0.004885019734501839,0.12443959712982178
14,12,6, coffee,0.324359655380249,0.010623682290315628,0.6650166511535645
14,12,7, stain,0.5334758162498474,0.0628153383731842,0.40370887517929077
14,12,8, from,0.4363703429698944,0.30225199460983276,0.2613776922225952
14,12,9, a,0.26797693967819214,0.02652713470160961,0.7054958939552307
14,12,10, cotton,0.9744206666946411,0.0006203527445904911,0.024958966299891472
14,12,11, shirt,0.40224841237068176,0.0018795115174725652,0.5958721041679382
14,12,12,".
",0.7162774801254272,0.008512252941727638,0.27521029114723206
14,16,0,Tell,0.00392386456951499,0.00010083412053063512,0.9959753155708313
14,16,1, me,0.1476154923439026,0.0024257951881736517,0.8499587178230286
14,16,2, how,0.02347441576421261,0.002040178282186389,0.9744853973388672
14,16,3, to,0.08974623680114746,0.00019716417591553181,0.9100566506385803
14,16,4, remove,0.0026952121406793594,0.004230625461786985,0.9930741786956787
14,16,5, a,0.00011696031288011,2.1584164642263204e-05,0.999861478805542
14,16,6, coffee,0.13758698105812073,0.005323338788002729,0.8570896983146667
14,16,7, stain,0.11793409287929535,0.01776483841240406,0.8643010854721069
14,16,8, from,0.007380370516330004,0.0007249827031046152,0.9918946623802185
14,16,9, a,0.00026246157358400524,2.4220527848228812e-05,0.9997132420539856
14,16,10, cotton,0.019044358283281326,0.00022880543838255107,0.9807268381118774
14,16,11, shirt,0.0008091835770756006,7.95416854089126e-05,0.9991112351417542
14,16,12,".
",0.3742128014564514,0.0006510331877507269,0.6251361966133118
15,8,0,Sort,0.11097685247659683,0.0029705544002354145,0.8860526084899902
15,8,1, these,0.00010070990538224578,0.00018178143363911659,0.9997175335884094
15,8,2, names,8.716231241123751e-05,2.5778049348446075e-06,0.9999102354049683
15,8,3, alphabet,0.004661142826080322,0.000622154853772372,0.9947167038917542
15,8,4,ically,0.024282380938529968,9.250766015611589e-05,0.9756250977516174
15,8,5, by,7.724783063167706e-05,1.0707001507626046e-07,0.9999226331710815
15,8,6, surname,0.001164160785265267,8.429964509559795e-06,0.9988273978233337
15,8,7,".
",0.005918135866522789,0.0026317567098885775,0.9914501309394836
15,12,0,Sort,0.9646074175834656,0.0028380018193274736,0.03255469352006912
15,12,1, these,0.9978768825531006,0.00016762000450398773,0.001955517800524831
15,12,2, names,0.8480392694473267,0.004447920713573694,0.14751280844211578
15,12,3, alphabet,0.9877482652664185,0.000324280874338001,0.011927477084100246
15,12,4,ically,0.9980717301368713,0.0004772070678882301,0.0014510919572785497
15,12,5, by,0.9887325763702393,0.0003018394345417619,0.010965563356876373
15,12,6, surname,0.014666547998785973,0.0004330520168878138,0.9849003553390503
15,12,7,".
",0.02796478196978569,0.0026114885695278645,0.969423770904541
15,16,0,Sort,0.0021216440945863724,3.48346475220751e-05,0.9978435039520264
15,16,1, these,0.004076773766428232,2.641921810209169e-06,0.9959205389022827
15,16,2, names,0.010011028498411179,5.755690290243365e-05,0.9899314641952515
15,16,3, alphabet,0.8170360326766968,0.0004933502641506493,0.1824706494808197
15,16,4,ically,0.020893346518278122,1.2500279808591586e-05,0.9790940880775452
15,16,5, by,0.0164809487760067,9.70276687439764e-07,0.983518123626709
15,16,6, surname,0.028787268325686455,0.0005832132883369923,0.9706294536590576
15,16,7,".
",0.10634943097829819,1.5909812645986676e-05,0.8936346173286438
16,8,0,Describe,0.6382033824920654,0.00011777769395848736,0.3616788387298584
16,8,1, the,0.8345745801925659,4.359148078947328e-05,0.16538186371326447
16,8,2, function,0.0023899544030427933,4.686527063313406e-06,0.9976053237915039
16,8,3, of,0.591336190700531,5.1474900828907266e-05,0.40861234068870544
16,8,4, the,0.17006832361221313,0.00036990398075431585,0.8295617699623108
16,8,5, kidneys,0.9961493015289307,7.305808594537666e-06,0.003843313315883279
16,8,6, in,0.02483615092933178,4.853176506003365e-05,0.9751152992248535
16,8,7, plain,0.0823991447687149,6.42757659079507e-05,0.9175366163253784
16,8,8, language,0.005063999909907579,2.025786307058297e-05,0.9949157238006592
16,8,9,".
",0.027542082592844963,0.00022488870308734477,0.97223299741745
16,12,0,Describe,0.9457327723503113,0.025268884375691414,0.02899830974638462
16,12,1, the,0.9783725142478943,0.0007466813549399376,0.020880818367004395
16,12,2, function,0.9990658164024353,5.881051401956938e-05,0.000875369121786207
16,12,3, of,0.9775443077087402,3.7095185689395294e-05,0.02241859771311283
16,12,4, the,0.761341392993927,0.0017776007298380136,0.23688100278377533
16,12,5, kidneys,0.09809239208698273,0.0032399522606283426,0.8986676931381226
16,12,6, in,0.7914427518844604,0.00036971672670915723,0.2081875056028366
16,12,7, plain,0.9846236109733582,0.009560497477650642,0.005815824959427118
16,12,8, language,0.34537532925605774,0.12182889133691788,0.5327958464622498
16,12,9,".
",0.3424154818058014,0.003427592571824789,0.6541569828987122
16,16,0,Describe,0.014185631647706032,0.004516284912824631,0.9812980890274048
16,16,1, the,8.975224773166701e-05,0.0001342316099908203,0.9997760653495789
16,16,2, function,0.9410414099693298,0.000243030212004669,0.05871560797095299
16,16,3, of,0.057389140129089355,0.0006196878384798765,0.9419910907745361
16,16,4, the,3.6877631828247104e-06,1.7422824384993874e-05,0.9999788999557495
16,16,5, kidneys,0.06705508381128311,0.027458423748612404,0.905486524105072
16,16,6, in,0.036672841757535934,5.915732981520705e-05,0.9632680416107178
16,16,7, plain,0.055607058107852936,0.006226901896297932,0.9381660223007202
16,16,8, language,0.26341861486434937,0.0011874039191752672,0.7353939414024353
16,16,9,".
",0.9761776328086853,0.00012902759772259742,0.02369331754744053
17,8,0,Please,0.9789977669715881,0.00016226075240410864,0.02083996683359146
17,8,1, turn,0.9667091369628906,1.3666195854966645e-06,0.03328947722911835
17,8,2, these,0.016262516379356384,5.460085716890717e-09,0.9837374687194824
17,8,3, notes,0.0026471184100955725,1.494213819341894e-08,0.9973528385162354
17,8,4, into,0.15801364183425903,2.3064433207764523e-07,0.8419861793518066
17,8,5, a,0.974284827709198,1.1255603560300642e-08,0.025715170428156853
17,8,6, clear,0.1792822927236557,4.730652563011972e-06,0.8207130432128906
17,8,7, meeting,0.0003357901587150991,7.132472092052922e-06,0.9996570348739624
17,8,8, agenda,0.3896571695804596,0.004435344599187374,0.6059074401855469
17,8,9,".
",0.003781993640586734,1.7775715605239384e-05,0.9962002635002136
17,12,0,Please,0.9999897480010986,1.6290205167024396e-06,8.623512258054689e-06
17,12,1, turn,0.9998125433921814,0.00015384391008410603,3.3666990930214524e-05
17,12,2, these,0.9999756813049316,1.075454861165781e-06,2.320594467164483e-05
17,12,3, notes,0.9997146725654602,3.246192500228062e-05,0.00025293274666182697
17,12,4, into,0.9505012631416321,0.005403395276516676,0.04409537464380264
17,12,5, a,0.9834499955177307,0.00017444894183427095,0.0163755901157856
17,12,6, clear,0.9987181425094604,0.00031525097438134253,0.0009665926918387413
17,12,7, meeting,0.9982144832611084,7.400246431643609e-06,0.0017782142385840416
17,12,8, agenda,0.9999978542327881,1.7022320264459267e-07,1.971535084521747e-06
17,12,9,".
",0.5794320702552795,0.011288298293948174,0.40927961468696594
17,16,0,Please,0.09748820960521698,0.00017023392138071358,0.9023415446281433
17,16,1, turn,0.15703009068965912,0.0001443286455469206,0.8428255915641785
17,16,2, these,0.09285766631364822,3.8092243812570814e-06,0.907138466835022
17,16,3, notes,0.017408009618520737,0.0002597756392788142,0.982332170009613
17,16,4, into,0.05386023223400116,0.000816793239209801,0.9453229904174805
17,16,5, a,0.1770903319120407,0.0009394842782057822,0.8219702243804932
17,16,6, clear,0.9950156807899475,3.309558451292105e-06,0.004980986472219229
17,16,7, meeting,0.629615068435669,0.0033086808398365974,0.3670763075351715
17,16,8, agenda,0.9915000796318054,0.0004983972758054733,0.008001506328582764
17,16,9,".
",0.27802422642707825,0.0015285859117284417,0.7204472422599792
18,8,0,Check,0.24541904032230377,4.3884421756956726e-05,0.754537045955658
18,8,1, whether,0.9061188101768494,3.162211214657873e-05,0.09384952485561371
18,8,2, this,0.05187690258026123,7.995680789463222e-05,0.9480431079864502
18,8,3, Python,0.9915304183959961,1.1878832992806565e-05,0.008457810617983341
18,8,4, function,0.0008144965977407992,1.4210773713330127e-07,0.9991853833198547
18,8,5, handles,0.008168632164597511,6.532216190180407e-08,0.991831362247467
18,8,6, an,0.3141041100025177,7.79901583314313e-08,0.6858957409858704
18,8,7, empty,0.8721072673797607,9.963940783563885e-08,0.1278925985097885
18,8,8, input,0.21878400444984436,5.869491701560037e-07,0.7812153697013855
18,8,9, list,0.004032990429550409,4.2420129631182135e-08,0.995966911315918
18,8,10,".
",0.0036236299201846123,4.822133632842451e-06,0.9963715076446533
18,12,0,Check,0.9835987091064453,9.801227861316875e-05,0.01630321890115738
18,12,1, whether,0.9364575743675232,0.00047248764894902706,0.06306997686624527
18,12,2, this,0.9968543648719788,7.351491512963548e-05,0.00307205761782825
18,12,3, Python,0.9997931122779846,3.6710694985231385e-05,0.0001702527515590191
18,12,4, function,0.9989001750946045,1.7819269487517886e-05,0.0010819504968822002
18,12,5, handles,0.3396086096763611,0.0095060458406806,0.6508853435516357
18,12,6, an,0.37779080867767334,0.00011362966324668378,0.6220955848693848
18,12,7, empty,0.8087557554244995,3.69987974409014e-05,0.1912071853876114
18,12,8, input,0.9916300177574158,5.321963908500038e-05,0.008316759020090103
18,12,9, list,0.9986592531204224,2.3011266421235632e-06,0.0013384625781327486
18,12,10,".
",0.8040375113487244,0.0029883829411119223,0.19297410547733307
18,16,0,Check,0.001177987433038652,1.754812001308892e-05,0.9988044500350952
18,16,1, whether,0.11387099325656891,1.5928912034723908e-05,0.8861130475997925
18,16,2, this,0.007234115619212389,3.989875040133484e-06,0.9927619099617004
18,16,3, Python,0.4871838092803955,0.00018364045536145568,0.5126325488090515
18,16,4, function,0.9609790444374084,2.1739735984738218e-06,0.03901880234479904
18,16,5, handles,0.35145464539527893,5.0434839067747816e-05,0.6484948992729187
18,16,6, an,0.00034551569842733443,7.162860242715396e-07,0.9996538162231445
18,16,7, empty,0.026064854115247726,1.599789538886398e-05,0.973919153213501
18,16,8, input,0.559363603591919,4.3568259570747614e-05,0.44059285521507263
18,16,9, list,0.9956327080726624,1.8300218584954564e-07,0.004367085173726082
18,16,10,".
",0.9621056914329529,2.637131899518863e-07,0.037894055247306824
19,8,0,S,0.9812398552894592,1.411831453879131e-05,0.018745942041277885
19,8,1,uggest,0.7742689847946167,9.199678606819361e-05,0.2256390005350113
19,8,2, a,0.9194687008857727,0.0007430746918544173,0.07978831976652145
19,8,3, title,0.06183135509490967,3.2786732617751113e-07,0.9381683468818665
19,8,4, that,0.6908555626869202,5.103433795738965e-05,0.3090933561325073
19,8,5, accurately,0.07187323272228241,1.985108247026801e-05,0.9281069040298462
19,8,6, reflects,0.008948380127549171,0.0002392474707448855,0.990812361240387
19,8,7, the,0.060550179332494736,0.00022709830955136567,0.9392227530479431
19,8,8, report,0.002451434964314103,0.0004531110462266952,0.9970954656600952
19,8,9,'s,0.7484477162361145,0.00010385974746895954,0.251448392868042
19,8,10, findings,0.4690893888473511,3.428026320762001e-05,0.5308762788772583
19,8,11,".
",0.013205377385020256,5.6236967793665826e-05,0.9867383241653442
19,12,0,S,0.963688850402832,0.0005606116610579193,0.035750482231378555
19,12,1,uggest,0.9998338222503662,4.062305379193276e-05,0.00012547567894216627
19,12,2, a,0.9996248483657837,0.0001338920701527968,0.00024121221213135868
19,12,3, title,0.9989570379257202,0.0007490984280593693,0.00029395942692644894
19,12,4, that,0.9989545345306396,0.00027059525018557906,0.0007748348289169371
19,12,5, accurately,0.9876370429992676,0.00042216829024255276,0.011940724216401577
19,12,6, reflects,0.9963129162788391,0.00023720032186247408,0.003449896816164255
19,12,7, the,0.8909549117088318,0.0024064581375569105,0.10663857311010361
19,12,8, report,0.8906999826431274,0.004400257021188736,0.10489974170923233
19,12,9,'s,0.8402783274650574,0.005980405956506729,0.1537412405014038
19,12,10, findings,0.9994913339614868,1.5945670384098776e-05,0.0004926382098346949
19,12,11,".
",0.9901412129402161,0.00011688630183925852,0.009741965681314468
19,16,0,S,0.003257168224081397,2.266901901748497e-05,0.9967201352119446
19,16,1,uggest,0.07150530070066452,0.0002500315895304084,0.9282446503639221
19,16,2, a,0.9480898380279541,0.00048738133045844734,0.05142279714345932
19,16,3, title,0.9502946138381958,0.0029098778031766415,0.04679543897509575
19,16,4, that,0.06799261271953583,0.0003171526186633855,0.9316902160644531
19,16,5, accurately,0.8920226693153381,3.5574923913372913e-06,0.1079738438129425
19,16,6, reflects,0.13210652768611908,0.0005097119719721377,0.8673837780952454
19,16,7, the,0.0022314966190606356,9.02988322195597e-05,0.9976782202720642
19,16,8, report,0.08219932019710541,0.0006532212137244642,0.9171473979949951
19,16,9,'s,0.06719551980495453,6.794713954150211e-06,0.9327977299690247
19,16,10, findings,0.8870192170143127,0.0004280845751054585,0.11255276203155518
19,16,11,".
",0.22659948468208313,0.00034863536711782217,0.773051917552948
20,8,0,Translate,0.005959542002528906,0.016233250498771667,0.9778072237968445
20,8,1, this,7.350034820774454e-07,0.00029038841603323817,0.9997088313102722
20,8,2, sentence,7.046540758892661e-06,2.2945452656131238e-05,0.9999699592590332
20,8,3, into,4.9609760026214644e-05,4.2297680920455605e-05,0.9999080896377563
20,8,4, Spanish,0.00022734430967830122,5.228235386312008e-05,0.9997203946113586
20,8,5, while,0.0004280470893718302,2.732962798290828e-07,0.9995716214179993
20,8,6, preserving,0.008749157190322876,0.00012114401761209592,0.9911297559738159
20,8,7, its,0.0008476640796288848,2.6784746296470985e-06,0.9991496801376343
20,8,8, tone,0.08815611153841019,0.006118189077824354,0.9057257175445557
20,8,9,".
",8.455274951302272e-07,7.742455636616796e-05,0.9999216794967651
20,12,0,Translate,0.9549868106842041,0.027397166937589645,0.017616011202335358
20,12,1, this,0.8493574857711792,0.01696278154850006,0.1336798220872879
20,12,2, sentence,0.8296748995780945,0.0871196836233139,0.08320549875497818
20,12,3, into,0.6694779396057129,0.009321864694356918,0.3212001919746399
20,12,4, Spanish,0.852258563041687,0.006615744903683662,0.14112573862075806
20,12,5, while,0.4128144681453705,0.013218407519161701,0.5739671587944031
20,12,6, preserving,0.03612753376364708,0.024033768102526665,0.9398386478424072
20,12,7, its,0.06831976026296616,0.012151033617556095,0.919529139995575
20,12,8, tone,0.0216258242726326,0.02431921660900116,0.9540548920631409
20,12,9,".
",0.00033811028697527945,0.0009370611514896154,0.9987247586250305
20,16,0,Translate,0.39687126874923706,0.026516521349549294,0.5766122341156006
20,16,1, this,0.0009277344797737896,4.674382944358513e-05,0.9990255832672119
20,16,2, sentence,0.04416731745004654,1.4983917935751379e-05,0.955817699432373
20,16,3, into,0.0222517978399992,0.000378160213585943,0.9773700833320618
20,16,4, Spanish,0.017056716606020927,0.006128248758614063,0.9768150448799133
20,16,5, while,0.9309640526771545,1.2297299690544605e-05,0.06902357190847397
20,16,6, preserving,0.07984740287065506,0.003166487440466881,0.9169861078262329
20,16,7, its,0.013278323225677013,0.00012312913895584643,0.9865984916687012
20,16,8, tone,0.009190209209918976,0.0020739345345646143,0.9887358546257019
20,16,9,".
",0.00044137940858490765,7.12369364919141e-05,0.9994874000549316
21,8,0,Show,0.8730663061141968,0.000509046483784914,0.126424640417099
21,8,1, me,0.9983199238777161,3.380694352017599e-06,0.0016767354682087898
21,8,2, a,0.9998138546943665,1.0618437045195606e-06,0.00018508413631934673
21,8,3, simple,0.3306811451911926,0.0008742133504711092,0.6684445738792419
21,8,4, example,0.013388846069574356,2.2301956050796434e-05,0.9865888953208923
21,8,5, of,0.44283607602119446,0.00041623591096140444,0.5567476153373718
21,8,6, Bay,0.0339021198451519,0.00023077258083503693,0.9658671021461487
21,8,7,es,0.003477617399767041,0.023138824850320816,0.9733836054801941
21,8,8,',0.2640374004840851,0.0005099480622448027,0.7354526519775391
21,8,9, theorem,0.20496642589569092,0.0004484437813516706,0.7945851683616638
21,8,10,".
",0.7779998779296875,0.00012155852891737595,0.22187849879264832
21,12,0,Show,0.9983572363853455,0.0001325123303104192,0.0015102637698873878
21,12,1, me,0.9997701048851013,2.822714304784313e-05,0.0002016382641158998
21,12,2, a,0.9995402097702026,2.1596744772978127e-05,0.00043819774873554707
21,12,3, simple,0.9998981952667236,2.1621301129925996e-05,8.020435780053958e-05
21,12,4, example,0.9992020726203918,5.2734947530552745e-05,0.0007451426354236901
21,12,5, of,0.9480741024017334,0.0026880314107984304,0.04923787713050842
21,12,6, Bay,0.9157127141952515,0.0001863132492871955,0.08410096913576126
21,12,7,es,0.9829937219619751,0.0023540854454040527,0.014652150683104992
21,12,8,',0.9965419173240662,7.817322330083698e-05,0.003379938192665577
21,12,9, theorem,0.9865650534629822,0.0002667141961865127,0.013168150559067726
21,12,10,".
",0.9580758810043335,5.8279842050978914e-05,0.04186585545539856
21,16,0,Show,0.0007150497986003757,0.00017911636678036302,0.9991057515144348
21,16,1, me,0.003391785779967904,0.00031327171018347144,0.9962949156761169
21,16,2, a,0.30212172865867615,0.00012962640903424472,0.6977486610412598
21,16,3, simple,0.9811264872550964,2.266963383590337e-05,0.018850767984986305
21,16,4, example,0.7848712205886841,0.00028894218849018216,0.2148398905992508
21,16,5, of,0.3806474506855011,9.490679804002866e-05,0.6192576885223389
21,16,6, Bay,0.7683016061782837,9.946580394171178e-05,0.23159895837306976
21,16,7,es,0.5764578580856323,0.0012192938011139631,0.4223228394985199
21,16,8,',0.9999939203262329,1.266944238409451e-08,6.094587661209516e-06
21,16,9, theorem,0.9955411553382874,3.971402475144714e-05,0.004419039003551006
21,16,10,".
",0.9989172220230103,2.269459628223558e-06,0.0010804901830852032
22,8,0,Make,0.8938403725624084,0.0006834164960309863,0.10547615587711334
22,8,1, a,0.9955525994300842,0.00011641253513516858,0.004330900963395834
22,8,2, packing,0.24122799932956696,0.004857915453612804,0.7539141178131104
22,8,3, checklist,0.21225282549858093,0.0011193329701200128,0.7866278290748596
22,8,4, for,0.7566849589347839,0.003238530131056905,0.24007651209831238
22,8,5, a,0.38360118865966797,1.622560557734687e-05,0.6163825392723083
22,8,6, three,0.34284037351608276,0.0003226113331038505,0.6568370461463928
22,8,7,-day,0.035011451691389084,0.0004495599423535168,0.9645389914512634
22,8,8, hiking,0.9930047392845154,3.3088872442021966e-05,0.006962136831134558
22,8,9, trip,0.8793140053749084,0.0011055293725803494,0.1195804700255394
22,8,10,".
",0.8223745226860046,0.00027603012858889997,0.17734947800636292
22,12,0,Make,0.9942914247512817,0.0016239720862358809,0.004084666725248098
22,12,1, a,0.9898235201835632,0.00022878449817653745,0.009947618469595909
22,12,2, packing,0.9995825886726379,2.9790366170345806e-05,0.00038765379576943815
22,12,3, checklist,0.9991577863693237,9.892788511933759e-05,0.0007432445418089628
22,12,4, for,0.910021960735321,0.009553942829370499,0.08042406290769577
22,12,5, a,0.7891392111778259,0.004941641818732023,0.20591919124126434
22,12,6, three,0.945207417011261,0.00069342803908512,0.05409912019968033
22,12,7,-day,0.9997817873954773,6.338033563224599e-05,0.0001548153959447518
22,12,8, hiking,0.9989602565765381,6.901918823132291e-05,0.0009706657729111612
22,12,9, trip,0.9989991784095764,0.00027785697602666914,0.0007229468319565058
22,12,10,".
",0.970714271068573,0.0004934339667670429,0.028792254626750946
22,16,0,Make,0.0005521718412637711,0.00014144017768558115,0.9993064403533936
22,16,1, a,0.04014979675412178,0.0007308475323952734,0.9591193199157715
22,16,2, packing,0.8830056190490723,0.0029125208966434,0.11408187448978424
22,16,3, checklist,0.9119428992271423,0.01126895658671856,0.07678814232349396
22,16,4, for,0.007418597582727671,0.0005597691051661968,0.9920216202735901
22,16,5, a,0.056722499430179596,0.0004702357400674373,0.9428072571754456
22,16,6, three,0.24002325534820557,0.0030939681455492973,0.7568827271461487
22,16,7,-day,0.9402980804443359,0.00022152338351588696,0.059480395168066025
22,16,8, hiking,0.6635041832923889,0.0021452989894896746,0.3343505263328552
22,16,9, trip,0.7312223315238953,0.0014645716873928905,0.2673130929470062
22,16,10,".
",0.4819946885108948,0.0035326371435076,0.5144726634025574
23,8,0,Ex,0.7216063737869263,0.00012402349966578186,0.278269499540329
23,8,1,plain,0.6632298231124878,0.0007525128894485533,0.3360176682472229
23,8,2, the,0.9927933216094971,1.7470259194851678e-07,0.0072066099382936954
23,8,3, trade,0.6839284896850586,5.089805199531838e-05,0.3160206377506256
23,8,4,off,0.987453818321228,0.0004041180363856256,0.012142043560743332
23,8,5, between,0.9007116556167603,0.0005391081213019788,0.09874916076660156
23,8,6, precision,0.4321327209472656,1.2386299204081297e-06,0.5678660273551941
23,8,7, and,0.0758313313126564,0.0008774549351073802,0.9232912659645081
23,8,8, recall,0.009007534012198448,1.8071161321131513e-05,0.9909743666648865
23,8,9,".
",0.9251133799552917,0.00031916939769871533,0.0745675191283226
23,12,0,Ex,0.9771859645843506,0.00034118277835659683,0.022472795099020004
23,12,1,plain,0.988058865070343,0.007077207788825035,0.004864010494202375
23,12,2, the,0.9987691044807434,0.0002683699713088572,0.0009624640224501491
23,12,3, trade,0.9529392719268799,0.0005487233283929527,0.04651211202144623
23,12,4,off,0.9906689524650574,6.420610588975251e-05,0.009266848675906658
23,12,5, between,0.5297415852546692,0.006004205904901028,0.4642542600631714
23,12,6, precision,0.922023355960846,0.00045868364395573735,0.07751801609992981
23,12,7, and,0.9049555063247681,0.0005646106437779963,0.09447982162237167
23,12,8, recall,0.9982709884643555,0.0006671162554994226,0.0010618347441777587
23,12,9,".
",0.9145058989524841,0.0013239596737548709,0.08417016267776489
23,16,0,Ex,1.7405203834641725e-05,6.190986459841952e-05,0.9999207258224487
23,16,1,plain,0.5331072807312012,0.0035425627138465643,0.46335020661354065
23,16,2, the,0.22143501043319702,0.00048494720249436796,0.7780800461769104
23,16,3, trade,0.2099517434835434,0.00250424537807703,0.7875439524650574
23,16,4,off,0.7440429329872131,0.03166274353861809,0.22429433465003967
23,16,5, between,0.24234090745449066,0.0022773132659494877,0.7553817629814148
23,16,6, precision,0.9995453953742981,7.5736302278528456e-06,0.00044689924106933177
23,16,7, and,0.9833505749702454,0.0012947545619681478,0.015354643575847149
23,16,8, recall,0.6362730264663696,0.0062795523554086685,0.35744744539260864
23,16,9,".
",0.9072225689888,0.0003087306104134768,0.09246872365474701
24,8,0,Cond,0.5638328194618225,6.6836662881542e-05,0.43610039353370667
24,8,1,ense,0.06287378072738647,0.0005178392166271806,0.9366083145141602
24,8,2, this,0.0005475783254951239,7.045815095807484e-07,0.9994516968727112
24,8,3, biography,0.7165317535400391,9.148088793153875e-06,0.2834590673446655
24,8,4, to,0.008429097011685371,2.6582874852465466e-06,0.9915682673454285
24,8,5, fewer,0.7655744552612305,9.241724114872341e-07,0.2344246655702591
24,8,6, than,0.8928042054176331,9.994224825504716e-08,0.10719572752714157
24,8,7, one,0.4960838556289673,1.3809309393764124e-06,0.5039147734642029
24,8,8, hundred,0.9872317910194397,1.793569879282586e-07,0.012767980806529522
24,8,9, words,0.5692653059959412,5.7645807828521356e-05,0.43067705631256104
24,8,10,".
",0.00014648970682173967,2.4448223484796472e-05,0.9998290538787842
24,12,0,Cond,0.9095352292060852,0.00032775814179331064,0.09013703465461731
24,12,1,ense,0.999982476234436,1.6279658666462637e-05,1.1390428653612616e-06
24,12,2, this,0.9959075450897217,0.00040988068212755024,0.0036826550494879484
24,12,3, biography,0.9997289776802063,0.00010478387412149459,0.00016621385293547064
24,12,4, to,0.6436896324157715,0.04842086508870125,0.30788955092430115
24,12,5, fewer,0.9451623558998108,0.00925724022090435,0.0455804206430912
24,12,6, than,0.9929191470146179,0.000715432281140238,0.006365466397255659
24,12,7, one,0.9471972584724426,0.006669654510915279,0.0461331382393837
24,12,8, hundred,0.9841310381889343,0.009586739353835583,0.006282193120568991
24,12,9, words,0.7003511190414429,0.2880612313747406,0.011587697081267834
24,12,10,".
",0.15556710958480835,0.569450318813324,0.2749825417995453
24,16,0,Cond,0.0001339190494036302,2.1801135517307557e-05,0.9998443126678467
24,16,1,ense,0.9762364029884338,0.00010540149378357455,0.023658132180571556
24,16,2, this,0.5062154531478882,9.221702930517495e-05,0.4936923384666443
24,16,3, biography,0.17214727401733398,0.0005034052301198244,0.8273493051528931
24,16,4, to,0.48283547163009644,0.00036052532959729433,0.5168039798736572
24,16,5, fewer,0.9838545918464661,1.131546468968736e-05,0.016134098172187805
24,16,6, than,0.9979990124702454,2.465693341946462e-06,0.001998529303818941
24,16,7, one,0.024815313518047333,0.00012969049566891044,0.9750550389289856
24,16,8, hundred,0.764813244342804,0.0009480897570028901,0.2342386096715927
24,16,9, words,0.04815281927585602,0.017029626294970512,0.9348175525665283
24,16,10,".
",0.5987862348556519,0.0008954043150879443,0.40031835436820984
25,8,0,What,0.8368826508522034,0.00046991195995360613,0.16264748573303223
25,8,1, questions,0.49283748865127563,2.0861059965682216e-05,0.507141649723053
25,8,2, should,0.999632716178894,3.6801385050466706e-08,0.00036725870450027287
25,8,3, I,0.9838390350341797,5.945298198639648e-06,0.016154950484633446
25,8,4, ask,0.7274207472801208,2.999757998622954e-05,0.27254924178123474
25,8,5, before,0.28974810242652893,5.843139661010355e-06,0.7102460265159607
25,8,6, signing,0.0007355521665886045,8.324105920110014e-07,0.9992635846138
25,8,7, a,0.0015922656748443842,4.181606243491842e-07,0.9984073042869568
25,8,8, rental,0.000713821267709136,0.0007519205682910979,0.9985342025756836
25,8,9, agreement,0.0013920096680521965,0.00021025887690484524,0.9983977675437927
25,8,10,"?
",0.7809085845947266,0.004174418747425079,0.21491704881191254
25,12,0,What,0.7998164892196655,0.003965409472584724,0.1962181031703949
25,12,1, questions,0.9827682375907898,0.0033539969008415937,0.013877729885280132
25,12,2, should,0.9925111532211304,0.0009688435238786042,0.006519937887787819
25,12,3, I,0.853145182132721,0.0037715346552431583,0.14308322966098785
25,12,4, ask,0.9957098960876465,0.0028831486124545336,0.00140690291300416
25,12,5, before,0.9910387396812439,0.004948127083480358,0.0040131001733243465
25,12,6, signing,0.9753018021583557,0.0017778020119294524,0.02292041853070259
25,12,7, a,0.3008381128311157,0.0026837310288101435,0.6964781880378723
25,12,8, rental,0.8827971816062927,0.0016808677464723587,0.11552201211452484
25,12,9, agreement,0.28997331857681274,0.0057656061835587025,0.7042610049247742
25,12,10,"?
",0.21738189458847046,0.0035254585091024637,0.7790926098823547
25,16,0,What,2.675242512850673e-06,5.030748525314266e-06,0.9999922513961792
25,16,1, questions,0.5147457122802734,0.032074399292469025,0.45317989587783813
25,16,2, should,0.10682670772075653,0.001358252135105431,0.8918150663375854
25,16,3, I,2.461443727952428e-05,7.125066622393206e-05,0.9999041557312012
25,16,4, ask,0.0024807623121887445,0.006775869056582451,0.9907433390617371
25,16,5, before,0.09592277556657791,0.002436361275613308,0.9016408920288086
25,16,6, signing,0.011460534296929836,0.0004773542459588498,0.9880621433258057
25,16,7, a,0.0041042109951376915,1.6655716535751708e-05,0.9958791732788086
25,16,8, rental,0.31139445304870605,0.007930800318717957,0.6806747913360596
25,16,9, agreement,0.017509473487734795,0.0007661438430659473,0.9817243814468384
25,16,10,"?
",0.004517263732850552,0.0006145294173620641,0.9948681592941284
26,8,0,Write,0.6368640065193176,0.0010496302274987102,0.3620864748954773
26,8,1, a,0.76040118932724,0.013118020258843899,0.22648076713085175
26,8,2, regular,0.2866697907447815,4.875803824688774e-06,0.7133253216743469
26,8,3, expression,0.0040440186858177185,1.0688571592254448e-06,0.9959549903869629
26,8,4, that,0.006211120169609785,3.4661268728086725e-05,0.9937542080879211
26,8,5, matches,0.0001832280249800533,6.229651035027928e-07,0.9998161196708679
26,8,6, a,0.003884055884554982,3.182843499871524e-08,0.9961159229278564
26,8,7, four,0.007128959987312555,4.47056527264067e-06,0.9928666353225708
26,8,8,-digit,0.013183774426579475,3.332907681397046e-06,0.9868128895759583
26,8,9, year,0.027535002678632736,4.618957063939888e-06,0.9724604487419128
26,8,10,".
",0.0002261316403746605,4.972002352587879e-05,0.9997240900993347
26,12,0,Write,0.988846480846405,0.0020068627782166004,0.009146615862846375
26,12,1, a,0.988752543926239,0.0012595742009580135,0.00998795498162508
26,12,2, regular,0.9995158910751343,1.5057653399708215e-05,0.0004691487702075392
26,12,3, expression,0.9995736479759216,3.7510180845856667e-05,0.00038883546949364245
26,12,4, that,0.9997296929359436,2.8272017516428605e-05,0.00024203021894209087
26,12,5, matches,0.21344482898712158,0.009377812035381794,0.7771773338317871
26,12,6, a,0.06745167076587677,0.004035064484924078,0.9285132884979248
26,12,7, four,0.7099871635437012,0.0044256094843149185,0.28558725118637085
26,12,8,-digit,0.8576978445053101,0.0021996325813233852,0.1401025652885437
26,12,9, year,0.9324992895126343,1.9999964933958836e-05,0.0674806609749794
26,12,10,".
",0.5330316424369812,0.0005844433326274157,0.4663839340209961
26,16,0,Write,0.0013135415501892567,6.017414489178918e-05,0.9986263513565063
26,16,1, a,0.08182282000780106,0.003283580532297492,0.9148935675621033
26,16,2, regular,0.8368335962295532,0.000186475706868805,0.16297996044158936
26,16,3, expression,0.11529108881950378,0.006662027910351753,0.8780468702316284
26,16,4, that,0.45379939675331116,1.025391338771442e-05,0.5461903214454651
26,16,5, matches,0.0001567248546052724,2.251505429740064e-05,0.9998207688331604
26,16,6, a,7.99791159806773e-05,8.242832905125397e-07,0.9999191761016846
26,16,7, four,0.030480848625302315,7.411331898765638e-05,0.9694450497627258
26,16,8,-digit,0.15864139795303345,0.0003798411344178021,0.840978741645813
26,16,9, year,0.1350814253091812,0.00023999405675567687,0.8646785616874695
26,16,10,".
",0.8483315110206604,5.194663117435994e-06,0.15166336297988892
27,8,0,Please,0.9789977669715881,0.00016226075240410864,0.02083996683359146
27,8,1, compare,0.8696553707122803,0.00017324939835816622,0.13017141819000244
27,8,2, these,0.0007662060088478029,3.363247174092976e-07,0.9992334842681885
27,8,3, two,0.04066460207104683,6.154203333608166e-07,0.9593348503112793
27,8,4, proposals,0.0371130034327507,5.3986699640518054e-05,0.9628329277038574
27,8,5, and,0.9133116006851196,2.580331056378782e-06,0.08668577671051025
27,8,6, highlight,0.44296109676361084,1.8561577235232107e-06,0.5570370554924011
27,8,7, their,0.0016572282183915377,8.830188016872853e-05,0.9982544779777527
27,8,8, risks,0.015988675877451897,0.00026455233455635607,0.9837467074394226
27,8,9,".
",0.00734379468485713,0.006466587074100971,0.9861896634101868
27,12,0,Please,0.9999897480010986,1.6290205167024396e-06,8.623512258054689e-06
27,12,1, compare,0.9660110473632812,0.027840280905365944,0.006148771848529577
27,12,2, these,0.9954604506492615,0.0006422135629691184,0.003897319780662656
27,12,3, two,0.9998518228530884,4.653992073144764e-05,0.00010163140541408211
27,12,4, proposals,0.9977195858955383,0.00029653191450051963,0.0019838304724544287
27,12,5, and,0.9994891881942749,1.4509772654491826e-06,0.0005093183717690408
27,12,6, highlight,0.9785962104797363,9.480772860115394e-05,0.021308908239006996
27,12,7, their,0.9960671067237854,0.0012824740260839462,0.0026504104025661945
27,12,8, risks,0.9999451637268066,8.19822344055865e-06,4.66496312583331e-05
27,12,9,".
",0.9088807106018066,0.0007008969550952315,0.09041845053434372
27,16,0,Please,0.09748820960521698,0.00017023392138071358,0.9023415446281433
27,16,1, compare,0.011535181663930416,0.0022870798129588366,0.9861776828765869
27,16,2, these,0.004523902665823698,5.2895297812938225e-06,0.9954708814620972
27,16,3, two,0.5121094584465027,2.5459139578742906e-05,0.48786506056785583
27,16,4, proposals,0.9854053854942322,9.10016824491322e-05,0.014503596350550652
27,16,5, and,0.8547983169555664,4.548322976916097e-05,0.14515624940395355
27,16,6, highlight,0.2734173834323883,7.696939428569749e-05,0.726505696773529
27,16,7, their,0.9497403502464294,6.428571396099869e-06,0.050253238528966904
27,16,8, risks,0.9998797178268433,8.772656201472273e-07,0.00011943709978368133
27,16,9,".
",0.5280172824859619,0.0005429429584182799,0.47143980860710144
28,8,0,Outline,0.13902434706687927,8.645635534776375e-05,0.8608892560005188
28,8,1, the,0.017851129174232483,0.00016160582890734076,0.9819872975349426
28,8,2, steps,0.011990463361144066,2.601340202090796e-05,0.9879834651947021
28,8,3, needed,0.03202285245060921,0.00011907081352546811,0.967858076095581
28,8,4, to,0.006826644763350487,2.359256541240029e-05,0.9931498169898987
28,8,5, register,0.00872846134006977,0.00012717372737824917,0.9911443591117859
28,8,6, a,0.06995614618062973,1.311517735302914e-05,0.9300307631492615
28,8,7, small,0.08904623985290527,1.9158374925609678e-05,0.910934567451477
28,8,8, community,0.011710694059729576,2.3329864689003443e-06,0.9882869124412537
28,8,9, club,0.00640146853402257,1.2817516790164518e-06,0.9935972690582275
28,8,10,".
",0.03148726373910904,0.0018149904208257794,0.9666978120803833
28,12,0,Outline,0.989963948726654,0.00398867717012763,0.006047379691153765
28,12,1, the,0.7234412431716919,0.046430665999650955,0.23012809455394745
28,12,2, steps,0.999256432056427,5.7709217799128965e-05,0.0006858576089143753
28,12,3, needed,0.9973485469818115,0.0005750218988396227,0.0020764584187418222
28,12,4, to,0.9482073187828064,0.03262168914079666,0.019171006977558136
28,12,5, register,0.7223383784294128,0.009980930015444756,0.26768073439598083
28,12,6, a,0.18441501259803772,0.0026365502271801233,0.81294846534729
28,12,7, small,0.3167519271373749,0.0162868220359087,0.6669612526893616
28,12,8, community,0.8255861401557922,0.00041816866723820567,0.1739957183599472
28,12,9, club,0.6560264229774475,0.0001471971336286515,0.34382638335227966
28,12,10,".
",0.8892660737037659,0.004669836722314358,0.10606411099433899
28,16,0,Outline,0.46303701400756836,0.004947909153997898,0.5320150256156921
28,16,1, the,0.058629922568798065,0.0002849877637345344,0.9410850405693054
28,16,2, steps,0.9980655312538147,1.6875168512342498e-05,0.0019176274072378874
28,16,3, needed,0.9800276160240173,1.823584534577094e-05,0.019954130053520203
28,16,4, to,0.1966981142759323,0.0005648425430990756,0.8027370572090149
28,16,5, register,0.09840493649244308,0.0072346460074186325,0.8943604230880737
28,16,6, a,0.0013383489567786455,0.00037706614239141345,0.9982845187187195
28,16,7, small,0.7367303967475891,0.002389059169217944,0.26088064908981323
28,16,8, community,0.04346441477537155,0.00144873873796314,0.9550868272781372
28,16,9, club,0.5795988440513611,0.000335116550559178,0.42006605863571167
28,16,10,".
",0.555785059928894,0.0014097359962761402,0.4428051710128784
29,8,0,S,0.9812398552894592,1.411831453879131e-05,0.018745942041277885
29,8,1,uggest,0.7742689847946167,9.199678606819361e-05,0.2256390005350113
29,8,2, three,0.999182403087616,1.9415556380408816e-06,0.0008157172123901546
29,8,3, ways,0.8768858313560486,3.655150749182212e-06,0.12311055511236191
29,8,4, to,0.702368438243866,1.806012005545199e-05,0.2976135015487671
29,8,5, make,0.9130609631538391,0.00027784882695414126,0.0866611897945404
29,8,6, this,0.011213786900043488,5.804482498206198e-06,0.9887803792953491
29,8,7, chart,0.15505638718605042,9.442299779038876e-05,0.844849169254303
29,8,8, easier,0.9680694937705994,3.113646926067304e-06,0.03192737698554993
29,8,9, to,0.7888060212135315,1.7319769540335983e-05,0.21117670834064484
29,8,10, read,0.7695013284683228,4.0586772229289636e-05,0.2304581254720688
29,8,11,".
",0.3713696300983429,0.0010098570492118597,0.62762051820755
29,12,0,S,0.963688850402832,0.0005606116610579193,0.035750482231378555
29,12,1,uggest,0.9998338222503662,4.062305379193276e-05,0.00012547567894216627
29,12,2, three,0.9910645484924316,0.004636227618902922,0.0042992583476006985
29,12,3, ways,0.9996918439865112,3.533534982125275e-05,0.0002728089748416096
29,12,4, to,0.9535326361656189,0.0002598276187200099,0.046207528561353683
29,12,5, make,0.9913143515586853,0.0007719652494415641,0.007913748733699322
29,12,6, this,0.9997454285621643,1.1937720501009608e-06,0.0002533453516662121
29,12,7, chart,0.9950699806213379,4.7817244194447994e-05,0.00488227279856801
29,12,8, easier,0.9992945194244385,4.594225629261928e-06,0.0007007819367572665
29,12,9, to,0.9936701059341431,1.0408562957309186e-05,0.0063193985261023045
29,12,10, read,0.8286907076835632,0.0004980180528946221,0.17081129550933838
29,12,11,".
",0.9999804496765137,7.204050689324504e-07,1.882916512840893e-05
29,16,0,S,0.003257168224081397,2.266901901748497e-05,0.9967201352119446
29,16,1,uggest,0.07150530070066452,0.0002500315895304084,0.9282446503639221
29,16,2, three,0.9683103561401367,0.0004892447032034397,0.031200505793094635
29,16,3, ways,0.9915069937705994,0.00016287225298583508,0.0083302091807127
29,16,4, to,0.3840373754501343,0.0005671319086104631,0.6153954863548279
29,16,5, make,0.004551113583147526,0.0028825816698372364,0.9925663471221924
29,16,6, this,0.10329972207546234,3.632927985108836e-07,0.8966999053955078
29,16,7, chart,0.11074931919574738,0.00010412548726890236,0.8891465663909912
29,16,8, easier,0.9900846481323242,1.292783622375282e-06,0.009914007037878036
29,16,9, to,0.9970762729644775,8.894438252582404e-08,0.002923577092587948
29,16,10, read,0.4536735415458679,0.00011155945685459301,0.5462149381637573
29,16,11,".
",0.9437304735183716,2.5476187147432938e-05,0.056244052946567535
30,8,0,D,0.9900362491607666,3.950312748202123e-05,0.009924241341650486
30,8,1,etermine,0.4922961890697479,0.0028130169957876205,0.5048907995223999
30,8,2, whether,0.5159499049186707,0.031125390902161598,0.4529246985912323
30,8,3, the,0.8799470067024231,0.004959314130246639,0.1150936558842659
30,8,4, conclusion,0.997798502445221,9.228124930871218e-09,0.0022015150170773268
30,8,5, follows,0.040970828384160995,8.272934792330489e-06,0.9590209722518921
30,8,6, from,0.275500625371933,6.552527764824845e-08,0.7244992852210999
30,8,7, the,0.4002491533756256,2.940267620488157e-07,0.5997505784034729
30,8,8, stated,0.8192355036735535,1.3061837762506912e-06,0.18076319992542267
30,8,9, premises,0.9380724430084229,5.3304982429835945e-05,0.0618741400539875
30,8,10,".
",0.002605876885354519,0.004358796402812004,0.9930353164672852
30,12,0,D,0.9922786951065063,0.00016693623911123723,0.007554410491138697
30,12,1,etermine,0.9996009469032288,0.00014322280185297132,0.00025584164541214705
30,12,2, whether,0.9939171671867371,0.004476104862987995,0.0016068154945969582
30,12,3, the,0.9931544065475464,0.0006867634365335107,0.006158830132335424
30,12,4, conclusion,0.9999969005584717,5.32601632130536e-07,2.6625207283359487e-06
30,12,5, follows,0.9987928867340088,0.0009454292594455183,0.00026165664894506335
30,12,6, from,0.9291695952415466,0.004452290013432503,0.06637812405824661
30,12,7, the,0.9955639839172363,0.00010670293704606593,0.004329358227550983
30,12,8, stated,0.9993904829025269,2.6503592380322516e-05,0.0005830540903843939
30,12,9, premises,0.9945542812347412,0.0018236504402011633,0.0036219642497599125
30,12,10,".
",0.9997320771217346,5.6367436627624556e-05,0.00021151895634829998
30,16,0,D,0.0006793014472350478,5.393755782279186e-05,0.9992668032646179
30,16,1,etermine,0.29643651843070984,1.7804777598939836e-05,0.7035456895828247
30,16,2, whether,0.5938783884048462,2.108908665832132e-05,0.4061005413532257
30,16,3, the,0.35143977403640747,8.250336577475537e-06,0.6485520005226135
30,16,4, conclusion,0.7476271986961365,1.5347305861723726e-06,0.25237128138542175
30,16,5, follows,0.004124454688280821,8.354516580766358e-07,0.9958747029304504
30,16,6, from,0.0009529978269711137,3.54758071807737e-07,0.9990466237068176
30,16,7, the,0.8197326064109802,8.848526533711265e-08,0.1802673190832138
30,16,8, stated,0.89520263671875,7.736374207922836e-09,0.1047973558306694
30,16,9, premises,0.8855039477348328,3.1486363241128856e-06,0.11449292302131653
30,16,10,".
",0.49818792939186096,2.4960134396678768e-05,0.5017871260643005
31,8,0,Generate,0.9918587803840637,1.0656684025889263e-05,0.00813056156039238
31,8,1, a,0.800322413444519,0.0025349087081849575,0.19714267551898956
31,8,2, concise,0.3460908532142639,0.0003747029695659876,0.653534471988678
31,8,3, caption,0.0005970517522655427,3.5006218240596354e-05,0.9993680119514465
31,8,4, for,0.3710404634475708,0.0011054978240281343,0.6278539896011353
31,8,5, this,0.006985730957239866,4.408417169088352e-07,0.9930137991905212
31,8,6, photograph,0.0027712201699614525,0.00028604984981939197,0.9969426989555359
31,8,7,".
",0.0024335740599781275,5.423131005954929e-05,0.9975122213363647
31,12,0,Generate,0.9884119629859924,0.00022691398044116795,0.011361068114638329
31,12,1, a,0.9764096736907959,0.0005710512632504106,0.02301923930644989
31,12,2, concise,0.8583332896232605,0.11555562913417816,0.02611108310520649
31,12,3, caption,0.9809680581092834,0.012324306182563305,0.006707622669637203
31,12,4, for,0.7817679643630981,0.05211609601974487,0.1661158949136734
31,12,5, this,0.9977104663848877,6.197768925630953e-06,0.002283342881128192
31,12,6, photograph,0.8847139477729797,0.009080362506210804,0.1062057688832283
31,12,7,".
",0.4480968117713928,0.01976557821035385,0.5321376323699951
31,16,0,Generate,0.0023574226070195436,0.00018874270608648658,0.9974538683891296
31,16,1, a,0.012328604236245155,0.0006956951110623777,0.9869757294654846
31,16,2, concise,0.7655062675476074,0.0011397113557904959,0.2333540916442871
31,16,3, caption,0.4714287519454956,0.025471320375800133,0.5030998587608337
31,16,4, for,0.007478800136595964,0.0005682229530066252,0.9919529557228088
31,16,5, this,0.17340609431266785,1.8734463083092123e-06,0.8265920281410217
31,16,6, photograph,0.48684754967689514,0.010086271911859512,0.5030661821365356
31,16,7,".
",0.023729270324110985,0.0009028268977999687,0.9753679037094116
